"Номер товара";"Превью";"Заметка";"Запчасть";"Номер производителя";"Цена";"Состояние";"Комментарий";"Марка";"Модель";"Поколение донора";"Рестайлинг донора";"Кузов";"Двигатель";"Год выпуска";"Передний / Задний";"Левый / Правый";"Номер донора";"Установка";"Цвет";"Производитель";"Кросс-номера";"Маркировка";"Секция";"Ткацкая (свободно)";"Ткацкая (резерв)";"Ткацкая (ожидается)";"54 YARD (свободно)";"54 YARD (резерв)";"54 YARD (ожидается)"
"97815";"http://export-content.baz-on.ru/pub/c2226/productphoto/0005/04/0005_04_827.jpg, http://export-content.baz-on.ru/pub/c2226/productphoto/0005/04/0005_04_828.jpg, http://export-content.baz-on.ru/pub/c2226/productphoto/0005/04/0005_04_829.jpg, http://export-content.baz-on.ru/pub/c2226/productphoto/0005/04/0005_04_830.jpg, http://export-content.baz-on.ru/pub/c2226/productphoto/0005/04/0005_04_831.jpg, http://export-content.baz-on.ru/pub/c2226/productphoto/0005/04/0005_04_832.jpg";"х";"суппорт";"45019SDDA00";"500";"Контракт";"Контракт, без пробега по РФ";"Honda";"Accord";"7";"дорест. 2002—2006";"CL7";"K20A";"2003";"Перед.";"Лев.";"309";"0";"";"Honda";"";"";"01-03-02-01-05";"1";"0";"0";"0";"0";"0"
"97813";"http://export-content.baz-on.ru/pub/c2226/productphoto/0005/04/0005_04_816.jpg, http://export-content.baz-on.ru/pub/c2226/productphoto/0005/04/0005_04_817.jpg, http://export-content.baz-on.ru/pub/c2226/productphoto/0005/04/0005_04_818.jpg, http://export-content.baz-on.ru/pub/c2226/productphoto/0005/04/0005_04_819.jpg, http://export-content.baz-on.ru/pub/c2226/productphoto/0005/04/0005_04_820.jpg, http://export-content.baz-on.ru/pub/c2226/productphoto/0005/04/0005_04_821.jpg, http://export-content.baz-on.ru/pub/c2226/productphoto/0005/04/0005_04_822.jpg";"450";"суппорт";"45018SDDA00";"600";"Контракт";"Контракт, без пробега по РФ";"Honda";"Accord";"7";"дорест. 2002—2006";"CL7";"K20A";"2003";"Перед.";"Прав.";"309";"0";"";"Honda";"";"";"01-03-02-01-05";"1";"0";"0";"0";"0";"0"
"97267";"http://export-content.baz-on.ru/pub/c2226/productphoto/0005/00/0005_00_667.jpg, http://export-content.baz-on.ru/pub/c2226/productphoto/0005/00/0005_00_668.jpg, http://export-content.baz-on.ru/pub/c2226/productphoto/0005/00/0005_00_669.jpg, http://export-content.baz-on.ru/pub/c2226/productphoto/0005/00/0005_00_670.jpg, http://export-content.baz-on.ru/pub/c2226/productphoto/0005/00/0005_00_671.jpg";"х";"суппорт";"43018SEA000";"6000";"Контракт";"Пробег по Японии 148882, без пробега по РФ";"Honda";"Accord";"7";"дорест. 2002—2006";"CL7";"K20A";"2003";"Задн.";"Прав.";"309";"0";"";"Honda";"";"";"01-03-02-02-05";"1";"0";"0";"0";"0";"0"
"97266";"http://export-content.baz-on.ru/pub/c2226/productphoto/0005/00/0005_00_663.jpg, http://export-content.baz-on.ru/pub/c2226/productphoto/0005/00/0005_00_664.jpg, http://export-content.baz-on.ru/pub/c2226/productphoto/0005/00/0005_00_665.jpg, http://export-content.baz-on.ru/pub/c2226/productphoto/0005/00/0005_00_666.jpg";"х";"суппорт";"43019SEA000";"7000";"Контракт";"Пробег по Японии 148882, без пробега по РФ";"Honda";"Accord";"7";"дорест. 2002—2006";"CL7";"K20A";"2003";"Задн.";"Лев.";"309";"0";"";"Honda";"";"";"01-03-02-02-06";"1";"0";"0";"0";"0";"0"
"63994";"http://export-content.baz-on.ru/pub/c2226/productphoto/0002/99/0002_99_537.jpg, http://export-content.baz-on.ru/pub/c2226/productphoto/0002/99/0002_99_538.jpg, http://export-content.baz-on.ru/pub/c2226/productphoto/0002/99/0002_99_539.jpg, http://export-content.baz-on.ru/pub/c2226/productphoto/0002/99/0002_99_540.jpg, http://export-content.baz-on.ru/pub/c2226/productphoto/0002/99/0002_99_541.jpg, http://export-content.baz-on.ru/pub/c2226/productphoto/0002/99/0002_99_542.jpg";"450";"суппорт";"45018SDDA00";"600";"Контракт";"Пробег по Японии 53 тыс. Фото соответствует товару. Контракт, без пробега по РФ";"Honda";"Accord";"7";"";"CL7";"K20A";"2007";"Перед.";"Прав.";"141";"0";"";"Honda";"";"17CL-C";"01-03-02-01-07";"1";"0";"0";"0";"0";"0"
"106349";"http://export-content.baz-on.ru/pub/c2226/productphoto/0005/59/0005_59_177.jpg, http://export-content.baz-on.ru/pub/c2226/productphoto/0005/59/0005_59_178.jpg, http://export-content.baz-on.ru/pub/c2226/productphoto/0005/59/0005_59_179.jpg";"";"суппорт";"55101-54G11-999";"3000";"Контракт";"Контракт, без пробега по РФ.";"Suzuki";"Aerio";"1";"1 рест. 2003—2007";"RD51S";"M18A";"2004";"Перед.";"Прав.";"373 (0264)";"0";"";"Suzuki";"";"";"01-03-02-01-07";"1";"0";"0";"0";"0";"0"
"106238";"http://export-content.baz-on.ru/pub/c2226/productphoto/0005/58/0005_58_403.jpg, http://export-content.baz-on.ru/pub/c2226/productphoto/0005/58/0005_58_404.jpg, http://export-content.baz-on.ru/pub/c2226/productphoto/0005/58/0005_58_405.jpg, http://export-content.baz-on.ru/pub/c2226/productphoto/0005/58/0005_58_406.jpg, http://export-content.baz-on.ru/pub/c2226/productphoto/0005/58/0005_58_407.jpg, http://export-content.baz-on.ru/pub/c2226/productphoto/0005/58/0005_58_408.jpg, http://export-content.baz-on.ru/pub/c2226/productphoto/0005/58/0005_58_409.jpg";"";"суппорт";"55102-54G11-999";"3100";"Контракт";"Контракт, без пробега по РФ.";"Suzuki";"Aerio";"1";"1 рест. 2003—2007";"RD51S";"M18A";"2004";"Перед.";"Лев.";"373 (0264)";"0";"";"Suzuki";"";"";"01-03-02-01-07";"1";"0";"0";"0";"0";"0"
"101484";"http://export-content.baz-on.ru/pub/c2226/productphoto/0005/26/0005_26_903.jpg, http://export-content.baz-on.ru/pub/c2226/productphoto/0005/26/0005_26_904.jpg, http://export-content.baz-on.ru/pub/c2226/productphoto/0005/26/0005_26_905.jpg";"";"суппорт";"55101-54G11-999";"3000";"Контракт";"Контракт, без пробега по РФ.";"Suzuki";"Aerio";"1";"1 рест. 2003—2007";"RB21S";"M15A";"2004";"Перед.";"Прав.";"345";"0";"";"Suzuki";"";"";"01-03-02-01-06";"1";"0";"0";"0";"0";"0"
"101472";"http://export-content.baz-on.ru/pub/c2226/productphoto/0005/26/0005_26_828.jpg, http://export-content.baz-on.ru/pub/c2226/productphoto/0005/26/0005_26_829.jpg, http://export-content.baz-on.ru/pub/c2226/productphoto/0005/26/0005_26_830.jpg, http://export-content.baz-on.ru/pub/c2226/productphoto/0005/26/0005_26_831.jpg, http://export-content.baz-on.ru/pub/c2226/productphoto/0005/26/0005_26_832.jpg, http://export-content.baz-on.ru/pub/c2226/productphoto/0005/26/0005_26_833.jpg, http://export-content.baz-on.ru/pub/c2226/productphoto/0005/26/0005_26_834.jpg, http://export-content.baz-on.ru/pub/c2226/productphoto/0005/26/0005_26_835.jpg";"";"суппорт";"55102-54G11-999";"3100";"Контракт";"Контракт, без пробега по РФ";"Suzuki";"Aerio";"1";"1 рест. 2003—2007";"RB21S";"M15A";"2004";"Перед.";"Лев.";"345";"0";"";"Suzuki";"";"";"01-03-02-01-03";"1";"0";"0";"0";"0";"0"
"86692";"http://export-content.baz-on.ru/pub/c2226/productphoto/0004/39/0004_39_459.jpg, http://export-content.baz-on.ru/pub/c2226/productphoto/0004/39/0004_39_460.jpg, http://export-content.baz-on.ru/pub/c2226/productphoto/0004/39/0004_39_461.jpg, http://export-content.baz-on.ru/pub/c2226/productphoto/0004/39/0004_39_462.jpg";"х";"суппорт";"55102-54G41-999";"3000";"Контракт";"Пробег по Японии: 55167
Контракт. Без пробега по РФ.";"Suzuki";"Aerio";"1";"";"RB21S";"M15A";"2006";"Перед.";"Лев.";"269";"0";"";"Suzuki";"";"";"01-03-02-02-02";"1";"0";"0";"0";"0";"0"
"82820";"http://export-content.baz-on.ru/pub/c2226/productphoto/0004/17/0004_17_535.jpg, http://export-content.baz-on.ru/pub/c2226/productphoto/0004/17/0004_17_536.jpg, http://export-content.baz-on.ru/pub/c2226/productphoto/0004/17/0004_17_537.jpg, http://export-content.baz-on.ru/pub/c2226/productphoto/0004/17/0004_17_538.jpg, http://export-content.baz-on.ru/pub/c2226/productphoto/0004/17/0004_17_539.jpg, http://export-content.baz-on.ru/pub/c2226/productphoto/0004/17/0004_17_540.jpg";"х";"суппорт";"55101-54G11-999";"3000";"Контракт";"Контракт. Без пробега по РФ. Пробег по Японии 88 631km";"Suzuki";"Aerio";"1";"";"RB21S";"M15A";"2002";"Перед.";"Прав.";"299";"0";"";"Suzuki";"";"";"01-03-02-02-06";"1";"0";"0";"0";"0";"0"
"82814";"http://export-content.baz-on.ru/pub/c2226/productphoto/0004/17/0004_17_558.jpg, http://export-content.baz-on.ru/pub/c2226/productphoto/0004/17/0004_17_559.jpg, http://export-content.baz-on.ru/pub/c2226/productphoto/0004/17/0004_17_560.jpg, http://export-content.baz-on.ru/pub/c2226/productphoto/0004/17/0004_17_561.jpg, http://export-content.baz-on.ru/pub/c2226/productphoto/0004/17/0004_17_562.jpg, http://export-content.baz-on.ru/pub/c2226/productphoto/0004/17/0004_17_563.jpg";"х";"суппорт";"55102-54G11-999";"3100";"Контракт";"Контракт. Без пробега по РФ. Пробег по Японии 88 631km";"Suzuki";"Aerio";"1";"";"RB21S";"M15A";"2002";"Перед.";"Лев.";"299";"0";"";"Suzuki";"";"";"01-03-02-02-05";"1";"0";"0";"0";"0";"0"
"106346";"http://export-content.baz-on.ru/pub/c2226/productphoto/0005/59/0005_59_170.jpg, http://export-content.baz-on.ru/pub/c2226/productphoto/0005/59/0005_59_171.jpg, http://export-content.baz-on.ru/pub/c2226/productphoto/0005/59/0005_59_172.jpg, http://export-content.baz-on.ru/pub/c2226/productphoto/0005/59/0005_59_173.jpg";"";"суппорт";"4773020600";"2700";"Контракт";"Контракт, без пробега по РФ.";"Toyota";"Allex";"1";"дорест. 2001—2002";"NZE124";"1NZFE";"2001";"Перед.";"Прав.";"374 (2787)";"0";"";"Toyota";"";"";"01-03-02-01-07";"1";"0";"0";"0";"0";"0"
"106214";"http://export-content.baz-on.ru/pub/c2226/productphoto/0005/58/0005_58_234.jpg, http://export-content.baz-on.ru/pub/c2226/productphoto/0005/58/0005_58_235.jpg, http://export-content.baz-on.ru/pub/c2226/productphoto/0005/58/0005_58_236.jpg, http://export-content.baz-on.ru/pub/c2226/productphoto/0005/58/0005_58_237.jpg, http://export-content.baz-on.ru/pub/c2226/productphoto/0005/58/0005_58_238.jpg, http://export-content.baz-on.ru/pub/c2226/productphoto/0005/58/0005_58_239.jpg, http://export-content.baz-on.ru/pub/c2226/productphoto/0005/58/0005_58_240.jpg, http://export-content.baz-on.ru/pub/c2226/productphoto/0005/58/0005_58_241.jpg";"";"суппорт";"4773020640";"3000";"Контракт";"Контракт, без пробега по РФ.";"Toyota";"Allion";"1";"дорест. 2001—2004";"ZZT245";"1ZZFE";"2002";"Перед.";"Прав.";"375 (7313)";"0";"";"Toyota";"";"";"01-03-02-01-06";"1";"0";"0";"0";"0";"0"
"101276";"http://export-content.baz-on.ru/pub/c2226/productphoto/0005/25/0005_25_805.jpg, http://export-content.baz-on.ru/pub/c2226/productphoto/0005/25/0005_25_806.jpg, http://export-content.baz-on.ru/pub/c2226/productphoto/0005/25/0005_25_807.jpg, http://export-content.baz-on.ru/pub/c2226/productphoto/0005/25/0005_25_808.jpg, http://export-content.baz-on.ru/pub/c2226/productphoto/0005/25/0005_25_809.jpg, http://export-content.baz-on.ru/pub/c2226/productphoto/0005/25/0005_25_810.jpg, http://export-content.baz-on.ru/pub/c2226/productphoto/0005/25/0005_25_811.jpg";"";"суппорт";"4773020640";"3000";"Контракт";"Контракт, без пробега по РФ";"Toyota";"Allion";"1";"дорест. 2001—2004";"ZZT245";"1ZZFE";"2004";"Перед.";"Прав.";"347";"0";"";"Toyota";"";"";"01-03-02-01-06";"1";"0";"0";"0";"0";"0"
"101182";"http://export-content.baz-on.ru/pub/c2226/productphoto/0005/25/0005_25_308.jpg, http://export-content.baz-on.ru/pub/c2226/productphoto/0005/25/0005_25_309.jpg, http://export-content.baz-on.ru/pub/c2226/productphoto/0005/25/0005_25_310.jpg, http://export-content.baz-on.ru/pub/c2226/productphoto/0005/25/0005_25_311.jpg, http://export-content.baz-on.ru/pub/c2226/productphoto/0005/25/0005_25_312.jpg, http://export-content.baz-on.ru/pub/c2226/productphoto/0005/25/0005_25_313.jpg, http://export-content.baz-on.ru/pub/c2226/productphoto/0005/25/0005_25_314.jpg, http://export-content.baz-on.ru/pub/c2226/productphoto/0005/25/0005_25_315.jpg";"";"суппорт";"4775020640";"1500";"Контракт";"Контракт, без пробега по РФ";"Toyota";"Allion";"1";"дорест. 2001—2004";"ZZT245";"1ZZFE";"2004";"Перед.";"Лев.";"347";"0";"";"Toyota";"";"";"01-03-02-02-04";"1";"0";"0";"0";"0";"0"
"97430";"http://export-content.baz-on.ru/pub/c2226/productphoto/0005/01/0005_01_601.jpg, http://export-content.baz-on.ru/pub/c2226/productphoto/0005/01/0005_01_602.jpg, http://export-content.baz-on.ru/pub/c2226/productphoto/0005/01/0005_01_603.jpg, http://export-content.baz-on.ru/pub/c2226/productphoto/0005/01/0005_01_604.jpg, http://export-content.baz-on.ru/pub/c2226/productphoto/0005/01/0005_01_605.jpg, http://export-content.baz-on.ru/pub/c2226/productphoto/0005/01/0005_01_606.jpg";"х";"суппорт";"4775028270";"1350";"Контракт";"Пробег по Японии 78491 км.
Контракт, без пробега по РФ";"Toyota";"Alphard";"1";"дорест. 2002—2005";"MNH15W";"1MZFE";"2002";"Задн.";"Лев.";"323";"0";"";"Toyota";"";"";"01-03-02-02-06";"1";"0";"0";"0";"0";"0"
"98241";"http://export-content.baz-on.ru/pub/c2226/productphoto/0005/07/0005_07_173.jpg, http://export-content.baz-on.ru/pub/c2226/productphoto/0005/07/0005_07_174.jpg, http://export-content.baz-on.ru/pub/c2226/productphoto/0005/07/0005_07_175.jpg, http://export-content.baz-on.ru/pub/c2226/productphoto/0005/07/0005_07_176.jpg";"х";"суппорт";"4775030470";"1200";"Контракт";"";"Toyota";"Altezza Gita";"1 пок. 1998—2005 (Toyota Altezza)";"1 рест. 2001—2005 (Toyota Altezza)";"GXE10";"1GFE";"2001";"Задн.";"Лев.";"324";"0";"";"Toyota";"";"";"01-03-02-02-03";"1";"0";"0";"0";"0";"0"
"98240";"http://export-content.baz-on.ru/pub/c2226/productphoto/0005/07/0005_07_168.jpg, http://export-content.baz-on.ru/pub/c2226/productphoto/0005/07/0005_07_169.jpg, http://export-content.baz-on.ru/pub/c2226/productphoto/0005/07/0005_07_170.jpg, http://export-content.baz-on.ru/pub/c2226/productphoto/0005/07/0005_07_171.jpg, http://export-content.baz-on.ru/pub/c2226/productphoto/0005/07/0005_07_172.jpg";"х?";"суппорт";"4773030470";"1200";"Контракт";"";"Toyota";"Altezza Gita";"1 пок. 1998—2005 (Toyota Altezza)";"1 рест. 2001—2005 (Toyota Altezza)";"GXE10";"1GFE";"2001";"Задн.";"Прав.";"324";"0";"";"Toyota";"";"";"01-03-02-01-04";"1";"0";"0";"0";"0";"0"
"104692";"http://export-content.baz-on.ru/pub/c2226/productphoto/0005/44/0005_44_923.jpg, http://export-content.baz-on.ru/pub/c2226/productphoto/0005/44/0005_44_924.jpg, http://export-content.baz-on.ru/pub/c2226/productphoto/0005/44/0005_44_925.jpg, http://export-content.baz-on.ru/pub/c2226/productphoto/0005/44/0005_44_926.jpg, http://export-content.baz-on.ru/pub/c2226/productphoto/0005/44/0005_44_927.jpg, http://export-content.baz-on.ru/pub/c2226/productphoto/0005/44/0005_44_928.jpg, http://export-content.baz-on.ru/pub/c2226/productphoto/0005/44/0005_44_929.jpg, http://export-content.baz-on.ru/pub/c2226/productphoto/0005/44/0005_44_930.jpg";"";"суппорт";"4775005060";"2300";"Контракт";"Контракт, без пробега по РФ";"Toyota";"Avensis";"2";"1 рест. 2006—2010";"AZT250";"1AZFSE";"2007";"Перед.";"Лев.";"376 (1367)";"0";"";"Toyota";"";"";"";"1";"0";"0";"0";"0";"0"
"104670";"http://export-content.baz-on.ru/pub/c2226/productphoto/0005/44/0005_44_825.jpg, http://export-content.baz-on.ru/pub/c2226/productphoto/0005/44/0005_44_826.jpg, http://export-content.baz-on.ru/pub/c2226/productphoto/0005/44/0005_44_827.jpg";"";"суппорт";"4773005060";"2700";"Контракт";"Контракт, без пробега по РФ
Комплектность как на фото";"Toyota";"Avensis";"2";"1 рест. 2006—2010";"AZT250";"1AZFSE";"2007";"Перед.";"Прав.";"376 (1367)";"0";"";"Toyota";"";"";"01-03-02-02-02";"1";"0";"0";"0";"0";"0"
"104359";"http://export-content.baz-on.ru/pub/c2226/productphoto/0005/43/0005_43_257.jpg, http://export-content.baz-on.ru/pub/c2226/productphoto/0005/43/0005_43_258.jpg, http://export-content.baz-on.ru/pub/c2226/productphoto/0005/43/0005_43_259.jpg";"";"суппорт";"4775005071";"2000";"Контракт";"Контракт, без пробега по РФ.";"Toyota";"Avensis";"2";"1 рест. 2006—2010";"AZT250";"1AZFSE";"2006";"Задн.";"Лев.";"348";"0";"";"Toyota";"";"";"01-03-02-02-05";"1";"0";"0";"0";"0";"0"
"104333";"http://export-content.baz-on.ru/pub/c2226/productphoto/0005/43/0005_43_098.jpg, http://export-content.baz-on.ru/pub/c2226/productphoto/0005/43/0005_43_099.jpg, http://export-content.baz-on.ru/pub/c2226/productphoto/0005/43/0005_43_100.jpg, http://export-content.baz-on.ru/pub/c2226/productphoto/0005/43/0005_43_101.jpg";"";"суппорт";"4773005071";"1500";"Контракт";"Контракт, без пробега по РФ.";"Toyota";"Avensis";"2";"1 рест. 2006—2010";"AZT250";"1AZFSE";"2006";"Задн.";"Прав.";"348";"0";"";"Toyota";"";"";"01-03-02-02-05";"1";"0";"0";"0";"0";"0"
"101169";"http://export-content.baz-on.ru/pub/c2226/productphoto/0005/25/0005_25_222.jpg, http://export-content.baz-on.ru/pub/c2226/productphoto/0005/25/0005_25_223.jpg, http://export-content.baz-on.ru/pub/c2226/productphoto/0005/25/0005_25_224.jpg, http://export-content.baz-on.ru/pub/c2226/productphoto/0005/25/0005_25_225.jpg, http://export-content.baz-on.ru/pub/c2226/productphoto/0005/25/0005_25_226.jpg, http://export-content.baz-on.ru/pub/c2226/productphoto/0005/25/0005_25_227.jpg, http://export-content.baz-on.ru/pub/c2226/productphoto/0005/25/0005_25_228.jpg, http://export-content.baz-on.ru/pub/c2226/productphoto/0005/25/0005_25_229.jpg";"";"суппорт";"4773005060";"2700";"Контракт";"Контракт, без пробега по РФ";"Toyota";"Avensis";"2";"1 рест. 2006—2010";"AZT250";"1AZFSE";"2006";"Перед.";"Прав.";"348";"0";"";"Toyota";"";"";"01-03-02-01-05";"1";"0";"0";"0";"0";"0"
"15832";"http://export-content.baz-on.ru/pub/c2226/productphoto/0000/57/0000_57_705.jpg, http://export-content.baz-on.ru/pub/c2226/productphoto/0000/57/0000_57_706.jpg, http://export-content.baz-on.ru/pub/c2226/productphoto/0000/57/0000_57_707.jpg";"380";"суппорт";"BPYK-33-71XA";"418";"Контракт";"Контрактная, без пробега по РФ!";"Mazda";"Axela";"1";"";"BKEP";"LFDE";"";"Перед.";"Лев.";"5";"0";"";"Mazda";"";"";"01-03-02-01-02";"1";"0";"0";"0";"0";"0"
"106382";"http://export-content.baz-on.ru/pub/c2226/productphoto/0005/59/0005_59_294.jpg, http://export-content.baz-on.ru/pub/c2226/productphoto/0005/59/0005_59_295.jpg, http://export-content.baz-on.ru/pub/c2226/productphoto/0005/59/0005_59_296.jpg";"";"суппорт";"410014M400";"1600";"Контракт";"Контракт, без пробега по РФ.";"Nissan";"Bluebird Sylphy";"1";"дорест. 2000—2003";"QG10";"QG18DE";"2002";"Перед.";"Прав.";"372 (2000)";"0";"";"Nissan";"";"";"01-03-02-01-07";"1";"0";"0";"0";"0";"0"
"106381";"http://export-content.baz-on.ru/pub/c2226/productphoto/0005/59/0005_59_291.jpg, http://export-content.baz-on.ru/pub/c2226/productphoto/0005/59/0005_59_292.jpg, http://export-content.baz-on.ru/pub/c2226/productphoto/0005/59/0005_59_293.jpg";"";"суппорт";"410114M400";"1700";"Контракт";"Контракт, без пробега по РФ.";"Nissan";"Bluebird Sylphy";"1";"дорест. 2000—2003";"QG10";"QG18DE";"2002";"Перед.";"Лев.";"372 (2000)";"0";"";"Nissan";"";"";"01-03-02-01-07";"1";"0";"0";"0";"0";"0"
"64057";"http://export-content.baz-on.ru/pub/c2226/productphoto/0002/99/0002_99_841.jpg, http://export-content.baz-on.ru/pub/c2226/productphoto/0002/99/0002_99_842.jpg, http://export-content.baz-on.ru/pub/c2226/productphoto/0002/99/0002_99_843.jpg, http://export-content.baz-on.ru/pub/c2226/productphoto/0002/99/0002_99_844.jpg, http://export-content.baz-on.ru/pub/c2226/productphoto/0002/99/0002_99_845.jpg, http://export-content.baz-on.ru/pub/c2226/productphoto/0002/99/0002_99_846.jpg, http://export-content.baz-on.ru/pub/c2226/productphoto/0002/99/0002_99_847.jpg";"х";"суппорт";"47730F4020";"4500";"Контракт";"Фото соответствуют товару. Контрактный. Пробег по Японии 38 853, без пробега по РФ.";"Toyota";"C-HR";"1";"";"NGX10";"8NRFTS";"2018";"Перед.";"Прав.";"154";"0";"";"Toyota";"47721F9010";"8025";"01-03-02-01-06";"1";"0";"0";"0";"0";"0"
"64015";"http://export-content.baz-on.ru/pub/c2226/productphoto/0002/99/0002_99_775.jpg, http://export-content.baz-on.ru/pub/c2226/productphoto/0002/99/0002_99_776.jpg, http://export-content.baz-on.ru/pub/c2226/productphoto/0002/99/0002_99_777.jpg, http://export-content.baz-on.ru/pub/c2226/productphoto/0002/99/0002_99_778.jpg, http://export-content.baz-on.ru/pub/c2226/productphoto/0002/99/0002_99_779.jpg";"х";"суппорт";"4783010030";"4000";"Контракт";"Пробег по Японии 38 тыс. Фото соответствует товару. Контракт, без пробега по РФ";"Toyota";"C-HR";"1";"";"NGX10";"8NRFTS";"2018";"Задн.";"Прав.";"154";"0";"";"Toyota";"";"";"01-03-02-02-07";"1";"0";"0";"0";"0";"0"
"64014";"http://export-content.baz-on.ru/pub/c2226/productphoto/0002/99/0002_99_770.jpg, http://export-content.baz-on.ru/pub/c2226/productphoto/0002/99/0002_99_771.jpg, http://export-content.baz-on.ru/pub/c2226/productphoto/0002/99/0002_99_772.jpg, http://export-content.baz-on.ru/pub/c2226/productphoto/0002/99/0002_99_773.jpg, http://export-content.baz-on.ru/pub/c2226/productphoto/0002/99/0002_99_774.jpg";"х";"суппорт";"4785010030";"4600";"Контракт";"Пробег по Японии 38 тыс. Фото соответствует товару. Контракт, без пробега по РФ";"Toyota";"C-HR";"1";"";"NGX10";"8NRFTS";"2018";"Задн.";"Лев.";"154";"0";"";"Toyota";"";"";"01-03-02-02-07";"1";"0";"0";"0";"0";"0"
"63131";"http://export-content.baz-on.ru/pub/c2226/productphoto/0002/94/0002_94_840.jpg, http://export-content.baz-on.ru/pub/c2226/productphoto/0002/94/0002_94_841.jpg, http://export-content.baz-on.ru/pub/c2226/productphoto/0002/94/0002_94_842.jpg, http://export-content.baz-on.ru/pub/c2226/productphoto/0002/94/0002_94_843.jpg, http://export-content.baz-on.ru/pub/c2226/productphoto/0002/94/0002_94_844.jpg, http://export-content.baz-on.ru/pub/c2226/productphoto/0002/94/0002_94_845.jpg";"х";"суппорт";"47750F4020";"4500";"Контракт";"Пробег по Японии 38 тыс. Фото соответствует товару. Контракт, без пробега по РФ";"Toyota";"C-HR";"1";"";"NGX10";"8NRFTS";"2018";"Перед.";"Лев.";"154";"0";"";"Toyota";"";"";"01-03-02-02-04";"1";"0";"0";"0";"0";"0"
"106385";"http://export-content.baz-on.ru/pub/c2226/productphoto/0005/59/0005_59_307.jpg, http://export-content.baz-on.ru/pub/c2226/productphoto/0005/59/0005_59_308.jpg, http://export-content.baz-on.ru/pub/c2226/productphoto/0005/59/0005_59_309.jpg";"";"суппорт";"4775020481";"2500";"Контракт";"Контракт, без пробега по РФ.";"Toyota";"Caldina";"1";"1 рест. 1996—1997";"AT191";"7AFE";"1996";"Перед.";"Лев.";"377 (5985)";"0";"";"Toyota";"";"";"01-03-02-01-07";"1";"0";"0";"0";"0";"0"
"106380";"http://export-content.baz-on.ru/pub/c2226/productphoto/0005/59/0005_59_287.jpg, http://export-content.baz-on.ru/pub/c2226/productphoto/0005/59/0005_59_288.jpg, http://export-content.baz-on.ru/pub/c2226/productphoto/0005/59/0005_59_289.jpg, http://export-content.baz-on.ru/pub/c2226/productphoto/0005/59/0005_59_290.jpg";"";"суппорт";"4773020481";"3000";"Контракт";"Контракт, без пробега по РФ.";"Toyota";"Caldina";"1";"1 рест. 1996—1997";"AT191";"7AFE";"1996";"Перед.";"Прав.";"377 (5985)";"0";"";"Toyota";"";"";"01-03-02-01-07";"1";"0";"0";"0";"0";"0"
"106352";"http://export-content.baz-on.ru/pub/c2226/productphoto/0005/59/0005_59_184.jpg, http://export-content.baz-on.ru/pub/c2226/productphoto/0005/59/0005_59_185.jpg, http://export-content.baz-on.ru/pub/c2226/productphoto/0005/59/0005_59_186.jpg";"";"суппорт";"4775021010";"8500";"Контракт";"Контракт, без пробега по РФ.";"Toyota";"Caldina";"2";"1 рест. 2000—2002";"ST215";"3SGE";"2000";"Перед.";"Лев.";"378 (7768)";"0";"";"Toyota";"";"";"01-03-02-01-07";"1";"0";"0";"0";"0";"0"
"106240";"http://export-content.baz-on.ru/pub/c2226/productphoto/0005/58/0005_58_419.jpg, http://export-content.baz-on.ru/pub/c2226/productphoto/0005/58/0005_58_420.jpg, http://export-content.baz-on.ru/pub/c2226/productphoto/0005/58/0005_58_421.jpg, http://export-content.baz-on.ru/pub/c2226/productphoto/0005/58/0005_58_422.jpg, http://export-content.baz-on.ru/pub/c2226/productphoto/0005/58/0005_58_423.jpg, http://export-content.baz-on.ru/pub/c2226/productphoto/0005/58/0005_58_424.jpg, http://export-content.baz-on.ru/pub/c2226/productphoto/0005/58/0005_58_425.jpg, http://export-content.baz-on.ru/pub/c2226/productphoto/0005/58/0005_58_426.jpg, http://export-content.baz-on.ru/pub/c2226/productphoto/0005/58/0005_58_427.jpg, http://export-content.baz-on.ru/pub/c2226/productphoto/0005/58/0005_58_428.jpg, http://export-content.baz-on.ru/pub/c2226/productphoto/0005/58/0005_58_429.jpg";"";"суппорт";"4773021010";"7000";"Контракт";"Контракт, без пробега по РФ.";"Toyota";"Caldina";"2";"1 рест. 2000—2002";"ST215";"3SGE";"2000";"Перед.";"Прав.";"378 (7768)";"0";"";"Toyota";"";"";"01-03-02-01-07";"1";"0";"0";"0";"0";"0"
"83118";"http://export-content.baz-on.ru/pub/c2226/productphoto/0004/20/0004_20_395.jpg, http://export-content.baz-on.ru/pub/c2226/productphoto/0004/20/0004_20_396.jpg, http://export-content.baz-on.ru/pub/c2226/productphoto/0004/20/0004_20_397.jpg, http://export-content.baz-on.ru/pub/c2226/productphoto/0004/20/0004_20_398.jpg, http://export-content.baz-on.ru/pub/c2226/productphoto/0004/20/0004_20_399.jpg, http://export-content.baz-on.ru/pub/c2226/productphoto/0004/20/0004_20_400.jpg";"2500";"суппорт";"4775020480";"2400";"Контракт";"Пробег по Японии 124875 км. Контракт. Без пробега по РФ.";"Toyota";"Caldina";"1";"";"ST195";"3SFE";"1994";"Перед.";"Лев.";"301";"0";"";"Toyota";"";"57-25";"01-03-02-01-02";"1";"0";"0";"0";"0";"0"
"82632";"http://export-content.baz-on.ru/pub/c2226/productphoto/0004/16/0004_16_714.jpg, http://export-content.baz-on.ru/pub/c2226/productphoto/0004/16/0004_16_715.jpg, http://export-content.baz-on.ru/pub/c2226/productphoto/0004/16/0004_16_716.jpg";"х";"суппорт";"4773020540";"8500";"Контракт";"Контракт. Без пробега по РФ.";"Toyota";"Caldina";"1";"";"ST195";"3SFE";"1994";"Задн.";"Прав.";"301";"0";"";"Toyota";"";"";"01-03-02-02-05";"1";"0";"0";"0";"0";"0"
"40088";"http://export-content.baz-on.ru/pub/c2226/productphoto/0001/77/0001_77_242.jpg, http://export-content.baz-on.ru/pub/c2226/productphoto/0001/77/0001_77_243.jpg, http://export-content.baz-on.ru/pub/c2226/productphoto/0001/77/0001_77_244.jpg";"2000";"суппорт";"4775020481";"2200";"Контракт";"Контракт, без пробега по РФ.";"Toyota";"Caldina";"2";"";"ST210G";"3SFE";"1998";"Перед.";"Лев.";"104";"0";"";"Toyota";"4775020480";"57-25";"01-03-02-01-04";"1";"0";"0";"0";"0";"0"
"8999";"http://export-content.baz-on.ru/pub/c2226/productphoto/0000/35/0000_35_344.jpg, http://export-content.baz-on.ru/pub/c2226/productphoto/0000/35/0000_35_345.jpg, http://export-content.baz-on.ru/pub/c2226/productphoto/0000/35/0000_35_346.jpg";"4500";"суппорт";"47730-21010";"7050";"Контракт";"";"Toyota";"Caldina";"";"";"ST215,ST215G";"3SGE";"";"Перед.";"Прав.";"";"0";"";"Toyota";"";"";"01-03-02-01-03";"1";"0";"0";"0";"0";"0"
"104597";"http://export-content.baz-on.ru/pub/c2226/productphoto/0005/44/0005_44_409.jpg, http://export-content.baz-on.ru/pub/c2226/productphoto/0005/44/0005_44_410.jpg, http://export-content.baz-on.ru/pub/c2226/productphoto/0005/44/0005_44_411.jpg, http://export-content.baz-on.ru/pub/c2226/productphoto/0005/44/0005_44_412.jpg";"";"суппорт";"4785033210";"1300";"Контракт";"Контракт, без пробега по РФ
Комплектность как на фото";"Toyota";"Camry";"7";"дорест. 2006—2009";"ACV40";"2AZFE";"2007";"Задн.";"Лев.";"350";"0";"";"Toyota";"";"";"01-03-02-02-05";"1";"0";"0";"0";"0";"0"
"104588";"http://export-content.baz-on.ru/pub/c2226/productphoto/0005/44/0005_44_362.jpg, http://export-content.baz-on.ru/pub/c2226/productphoto/0005/44/0005_44_363.jpg, http://export-content.baz-on.ru/pub/c2226/productphoto/0005/44/0005_44_364.jpg, http://export-content.baz-on.ru/pub/c2226/productphoto/0005/44/0005_44_365.jpg";"";"суппорт";"4783033210";"1300";"Контракт";"Контракт, без пробега по РФ
Комплектность как на фото";"Toyota";"Camry";"7";"дорест. 2006—2009";"ACV40";"2AZFE";"2007";"Задн.";"Прав.";"350";"0";"";"Toyota";"";"";"01-03-02-02-05";"1";"0";"0";"0";"0";"0"
"104399";"http://export-content.baz-on.ru/pub/c2226/productphoto/0005/43/0005_43_436.jpg, http://export-content.baz-on.ru/pub/c2226/productphoto/0005/43/0005_43_437.jpg, http://export-content.baz-on.ru/pub/c2226/productphoto/0005/43/0005_43_438.jpg";"";"суппорт";"4775033210";"2700";"Контракт";"Контракт. Без пробега по РФ";"Toyota";"Camry";"6";"1 рест. 2004—2006";"ACV30";"2AZFE";"2004";"Задн.";"Лев.";"349";"0";"";"Toyota";"";"";"01-03-02-02-05";"1";"0";"0";"0";"0";"0"
"104398";"http://export-content.baz-on.ru/pub/c2226/productphoto/0005/43/0005_43_433.jpg, http://export-content.baz-on.ru/pub/c2226/productphoto/0005/43/0005_43_434.jpg, http://export-content.baz-on.ru/pub/c2226/productphoto/0005/43/0005_43_435.jpg";"";"суппорт";"4773033210";"3000";"Контракт";"Контракт. Без пробега по РФ";"Toyota";"Camry";"6";"1 рест. 2004—2006";"ACV30";"2AZFE";"2004";"Задн.";"Прав.";"349";"0";"";"Toyota";"";"";"01-03-02-02-05";"1";"0";"0";"0";"0";"0"
"101474";"http://export-content.baz-on.ru/pub/c2226/productphoto/0005/26/0005_26_844.jpg, http://export-content.baz-on.ru/pub/c2226/productphoto/0005/26/0005_26_845.jpg, http://export-content.baz-on.ru/pub/c2226/productphoto/0005/26/0005_26_846.jpg, http://export-content.baz-on.ru/pub/c2226/productphoto/0005/26/0005_26_847.jpg, http://export-content.baz-on.ru/pub/c2226/productphoto/0005/26/0005_26_848.jpg, http://export-content.baz-on.ru/pub/c2226/productphoto/0005/26/0005_26_849.jpg, http://export-content.baz-on.ru/pub/c2226/productphoto/0005/26/0005_26_850.jpg, http://export-content.baz-on.ru/pub/c2226/productphoto/0005/26/0005_26_851.jpg, http://export-content.baz-on.ru/pub/c2226/productphoto/0005/26/0005_26_852.jpg";"";"суппорт";"4775033340";"1800";"Контракт";"Контракт, без пробега по РФ";"Toyota";"Camry";"7";"дорест. 2006—2009";"ACV40";"2AZFE";"2007";"Перед.";"Лев.";"350";"0";"";"Toyota";"";"";"01-03-02-01-03";"1";"0";"0";"0";"0";"0"
"97174";"http://export-content.baz-on.ru/pub/c2226/productphoto/0005/00/0005_00_043.jpg, http://export-content.baz-on.ru/pub/c2226/productphoto/0005/00/0005_00_044.jpg, http://export-content.baz-on.ru/pub/c2226/productphoto/0005/00/0005_00_045.jpg, http://export-content.baz-on.ru/pub/c2226/productphoto/0005/00/0005_00_046.jpg, http://export-content.baz-on.ru/pub/c2226/productphoto/0005/00/0005_00_047.jpg, http://export-content.baz-on.ru/pub/c2226/productphoto/0005/00/0005_00_048.jpg, http://export-content.baz-on.ru/pub/c2226/productphoto/0005/00/0005_00_049.jpg";"1000";"суппорт";"4783033210";"1400";"Контракт";"Пробег по Японии 39537 км.
Контракт, без пробега по РФ";"Toyota";"Camry";"7";"дорест. 2006—2009";"ACV40";"2AZFE";"2006";"Задн.";"Прав.";"327";"0";"";"Toyota";"";"";"01-03-02-02-05";"1";"0";"0";"0";"0";"0"
"97168";"http://export-content.baz-on.ru/pub/c2226/productphoto/0004/99/0004_99_999.jpg, http://export-content.baz-on.ru/pub/c2226/productphoto/0005/00/0005_00_000.jpg, http://export-content.baz-on.ru/pub/c2226/productphoto/0005/00/0005_00_001.jpg, http://export-content.baz-on.ru/pub/c2226/productphoto/0005/00/0005_00_002.jpg, http://export-content.baz-on.ru/pub/c2226/productphoto/0005/00/0005_00_003.jpg, http://export-content.baz-on.ru/pub/c2226/productphoto/0005/00/0005_00_004.jpg, http://export-content.baz-on.ru/pub/c2226/productphoto/0005/00/0005_00_005.jpg";"х";"суппорт";"4773033340";"1800";"Контракт";"Пробег по Японии 39537 км.
Контракт, без пробега по РФ";"Toyota";"Camry";"7";"дорест. 2006—2009";"ACV40";"2AZFE";"2006";"Перед.";"Прав.";"327";"0";"";"Toyota";"";"63-28";"01-03-02-02-06";"1";"0";"0";"0";"0";"0"
"97138";"http://export-content.baz-on.ru/pub/c2226/productphoto/0004/99/0004_99_877.jpg, http://export-content.baz-on.ru/pub/c2226/productphoto/0004/99/0004_99_878.jpg, http://export-content.baz-on.ru/pub/c2226/productphoto/0004/99/0004_99_879.jpg, http://export-content.baz-on.ru/pub/c2226/productphoto/0004/99/0004_99_880.jpg, http://export-content.baz-on.ru/pub/c2226/productphoto/0004/99/0004_99_881.jpg, http://export-content.baz-on.ru/pub/c2226/productphoto/0004/99/0004_99_882.jpg, http://export-content.baz-on.ru/pub/c2226/productphoto/0004/99/0004_99_883.jpg";"1000";"суппорт";"4785033210";"1600";"Контракт";"Пробег по Японии 39537 км.
Контракт, без пробега по РФ";"Toyota";"Camry";"7";"дорест. 2006—2009";"ACV40";"2AZFE";"2006";"Задн.";"Лев.";"327";"0";"";"Toyota";"";"";"01-03-02-02-06";"1";"0";"0";"0";"0";"0"
"97134";"http://export-content.baz-on.ru/pub/c2226/productphoto/0004/99/0004_99_870.jpg, http://export-content.baz-on.ru/pub/c2226/productphoto/0004/99/0004_99_871.jpg, http://export-content.baz-on.ru/pub/c2226/productphoto/0004/99/0004_99_872.jpg, http://export-content.baz-on.ru/pub/c2226/productphoto/0004/99/0004_99_873.jpg, http://export-content.baz-on.ru/pub/c2226/productphoto/0004/99/0004_99_874.jpg, http://export-content.baz-on.ru/pub/c2226/productphoto/0004/99/0004_99_875.jpg, http://export-content.baz-on.ru/pub/c2226/productphoto/0004/99/0004_99_876.jpg";"х";"суппорт";"4773033210";"3000";"Контракт";"Пробег по Японии 90217 км.
Контракт, без пробега по РФ";"Toyota";"Camry";"6";"дорест. 2001—2004";"ACV30";"2AZFE";"2003";"Задн.";"Прав.";"326";"0";"";"Toyota";"";"";"01-03-02-02-06";"1";"0";"0";"0";"0";"0"
"97131";"http://export-content.baz-on.ru/pub/c2226/productphoto/0004/99/0004_99_864.jpg, http://export-content.baz-on.ru/pub/c2226/productphoto/0004/99/0004_99_865.jpg, http://export-content.baz-on.ru/pub/c2226/productphoto/0004/99/0004_99_866.jpg, http://export-content.baz-on.ru/pub/c2226/productphoto/0004/99/0004_99_867.jpg, http://export-content.baz-on.ru/pub/c2226/productphoto/0004/99/0004_99_868.jpg, http://export-content.baz-on.ru/pub/c2226/productphoto/0004/99/0004_99_869.jpg";"2250?";"суппорт";"4775033210";"2700";"Контракт";"Пробег по Японии 90217 км.
Контракт, без пробега по РФ";"Toyota";"Camry";"6";"дорест. 2001—2004";"ACV30";"2AZFE";"2003";"Задн.";"Лев.";"326";"0";"";"Toyota";"";"";"01-03-02-02-06";"1";"0";"0";"0";"0";"0"
"97106";"http://export-content.baz-on.ru/pub/c2226/productphoto/0004/99/0004_99_806.jpg, http://export-content.baz-on.ru/pub/c2226/productphoto/0004/99/0004_99_807.jpg, http://export-content.baz-on.ru/pub/c2226/productphoto/0004/99/0004_99_808.jpg, http://export-content.baz-on.ru/pub/c2226/productphoto/0004/99/0004_99_809.jpg, http://export-content.baz-on.ru/pub/c2226/productphoto/0004/99/0004_99_810.jpg, http://export-content.baz-on.ru/pub/c2226/productphoto/0004/99/0004_99_811.jpg, http://export-content.baz-on.ru/pub/c2226/productphoto/0004/99/0004_99_812.jpg, http://export-content.baz-on.ru/pub/c2226/productphoto/0004/99/0004_99_813.jpg";"х";"суппорт";"4775033340";"1800";"Контракт";"Пробег по Японии 39537 км.
Контракт, без пробега по РФ";"Toyota";"Camry";"7";"дорест. 2006—2009";"ACV40";"2AZFE";"2006";"Перед.";"Лев.";"327";"0";"";"Toyota";"";"63-28";"01-03-02-02-06";"1";"0";"0";"0";"0";"0"
"87126";"http://export-content.baz-on.ru/pub/c2226/productphoto/0004/41/0004_41_695.jpg, http://export-content.baz-on.ru/pub/c2226/productphoto/0004/41/0004_41_696.jpg, http://export-content.baz-on.ru/pub/c2226/productphoto/0004/41/0004_41_697.jpg, http://export-content.baz-on.ru/pub/c2226/productphoto/0004/41/0004_41_698.jpg";"х";"суппорт";"4773033340";"1500";"Контракт";"Контракт. Без пробега по РФ.";"Toyota";"Camry";"7";"";"ACV40";"2AZFE";"2006";"Перед.";"Прав.";"274";"0";"";"Toyota";"";"63-28";"01-03-02-01-03";"1";"0";"0";"0";"0";"0"
"87122";"http://export-content.baz-on.ru/pub/c2226/productphoto/0004/41/0004_41_681.jpg, http://export-content.baz-on.ru/pub/c2226/productphoto/0004/41/0004_41_682.jpg, http://export-content.baz-on.ru/pub/c2226/productphoto/0004/41/0004_41_683.jpg";"1000";"суппорт";"4783033210";"1300";"Контракт";"Контракт. Без пробега по РФ.";"Toyota";"Camry";"7";"";"ACV40";"2AZFE";"2006";"Задн.";"Прав.";"274";"0";"";"Toyota";"";"";"01-03-02-01-03";"1";"0";"0";"0";"0";"0"
"87030";"http://export-content.baz-on.ru/pub/c2226/productphoto/0004/41/0004_41_328.jpg, http://export-content.baz-on.ru/pub/c2226/productphoto/0004/41/0004_41_329.jpg, http://export-content.baz-on.ru/pub/c2226/productphoto/0004/41/0004_41_330.jpg, http://export-content.baz-on.ru/pub/c2226/productphoto/0004/41/0004_41_331.jpg, http://export-content.baz-on.ru/pub/c2226/productphoto/0004/41/0004_41_332.jpg, http://export-content.baz-on.ru/pub/c2226/productphoto/0004/41/0004_41_333.jpg, http://export-content.baz-on.ru/pub/c2226/productphoto/0004/41/0004_41_334.jpg";"1000";"суппорт";"4785033210";"1400";"Контракт";"Контракт. Без пробега по РФ.";"Toyota";"Camry";"7";"";"ACV40";"2AZFE";"2006";"Задн.";"Лев.";"274";"0";"";"Toyota";"";"";"01-03-02-01-03";"1";"0";"0";"0";"0";"0"
"83225";"http://export-content.baz-on.ru/pub/c2226/productphoto/0004/21/0004_21_598.jpg, http://export-content.baz-on.ru/pub/c2226/productphoto/0004/21/0004_21_599.jpg, http://export-content.baz-on.ru/pub/c2226/productphoto/0004/21/0004_21_600.jpg, http://export-content.baz-on.ru/pub/c2226/productphoto/0004/21/0004_21_601.jpg, http://export-content.baz-on.ru/pub/c2226/productphoto/0004/21/0004_21_602.jpg, http://export-content.baz-on.ru/pub/c2226/productphoto/0004/21/0004_21_603.jpg";"х";"суппорт";"4773033340";"1500";"Контракт";"Контракт. Без пробега по РФ.";"Toyota";"Camry";"7";"";"ACV40";"2AZFE";"2006";"Перед.";"Прав.";"302";"0";"";"Toyota";"";"63-28";"01-03-02-02-05";"1";"0";"0";"0";"0";"0"
"83136";"http://export-content.baz-on.ru/pub/c2226/productphoto/0004/20/0004_20_427.jpg, http://export-content.baz-on.ru/pub/c2226/productphoto/0004/20/0004_20_428.jpg, http://export-content.baz-on.ru/pub/c2226/productphoto/0004/20/0004_20_429.jpg, http://export-content.baz-on.ru/pub/c2226/productphoto/0004/20/0004_20_430.jpg, http://export-content.baz-on.ru/pub/c2226/productphoto/0004/20/0004_20_431.jpg, http://export-content.baz-on.ru/pub/c2226/productphoto/0004/20/0004_20_432.jpg";"1000";"суппорт";"4783033210";"1100";"Контракт";"Есть небольшой люфт. Контракт. Без пробега по РФ.";"Toyota";"Camry";"7";"";"ACV40";"2AZFE";"2006";"Задн.";"Прав.";"302";"0";"";"Toyota";"";"";"01-03-02-02-04";"1";"0";"0";"0";"0";"0"
"83134";"http://export-content.baz-on.ru/pub/c2226/productphoto/0004/20/0004_20_384.jpg, http://export-content.baz-on.ru/pub/c2226/productphoto/0004/20/0004_20_385.jpg, http://export-content.baz-on.ru/pub/c2226/productphoto/0004/20/0004_20_386.jpg, http://export-content.baz-on.ru/pub/c2226/productphoto/0004/20/0004_20_387.jpg, http://export-content.baz-on.ru/pub/c2226/productphoto/0004/20/0004_20_388.jpg, http://export-content.baz-on.ru/pub/c2226/productphoto/0004/20/0004_20_389.jpg";"х";"суппорт";"4775033340";"1500";"Контракт";"Контракт. Без пробега по РФ.";"Toyota";"Camry";"7";"";"ACV40";"2AZFE";"2006";"Перед.";"Лев.";"302";"0";"";"Toyota";"";"63-28";"01-03-02-01-06";"1";"0";"0";"0";"0";"0"
"83115";"http://export-content.baz-on.ru/pub/c2226/productphoto/0004/20/0004_20_275.jpg, http://export-content.baz-on.ru/pub/c2226/productphoto/0004/20/0004_20_276.jpg, http://export-content.baz-on.ru/pub/c2226/productphoto/0004/20/0004_20_277.jpg, http://export-content.baz-on.ru/pub/c2226/productphoto/0004/20/0004_20_278.jpg, http://export-content.baz-on.ru/pub/c2226/productphoto/0004/20/0004_20_279.jpg, http://export-content.baz-on.ru/pub/c2226/productphoto/0004/20/0004_20_280.jpg";"1000";"суппорт";"4785033210";"900";"Контракт";"Есть небольшой люфт. Контракт. Без пробега по РФ.";"Toyota";"Camry";"7";"";"ACV40";"2AZFE";"2006";"Задн.";"Лев.";"302";"0";"";"Toyota";"";"";"01-03-02-02-06";"1";"0";"0";"0";"0";"0"
"73713";"http://export-content.baz-on.ru/pub/c2226/productphoto/0003/57/0003_57_303.jpg, http://export-content.baz-on.ru/pub/c2226/productphoto/0003/57/0003_57_304.jpg, http://export-content.baz-on.ru/pub/c2226/productphoto/0003/57/0003_57_305.jpg, http://export-content.baz-on.ru/pub/c2226/productphoto/0003/57/0003_57_306.jpg";"1000";"суппорт";"4783033210";"1300";"Контракт";"Пробег по Японии 80959 км. Контракт. Без пробега по РФ";"Toyota";"Camry";"7";"";"ACV40";"2AZFE";"2007";"Задн.";"Прав.";"229";"0";"";"Toyota";"";"";"01-03-02-01-02";"1";"0";"0";"0";"0";"0"
"73712";"http://export-content.baz-on.ru/pub/c2226/productphoto/0003/57/0003_57_298.jpg, http://export-content.baz-on.ru/pub/c2226/productphoto/0003/57/0003_57_299.jpg, http://export-content.baz-on.ru/pub/c2226/productphoto/0003/57/0003_57_300.jpg, http://export-content.baz-on.ru/pub/c2226/productphoto/0003/57/0003_57_301.jpg, http://export-content.baz-on.ru/pub/c2226/productphoto/0003/57/0003_57_302.jpg";"1000";"суппорт";"4785033210";"1400";"Контракт";"Пробег по Японии 80959 км. Контракт. Без пробега по РФ";"Toyota";"Camry";"7";"";"ACV40";"2AZFE";"2007";"Задн.";"Лев.";"229";"0";"";"Toyota";"";"";"01-03-02-01-02";"1";"0";"0";"0";"0";"0"
"87515";"http://export-content.baz-on.ru/pub/c2226/productphoto/0004/43/0004_43_415.jpg, http://export-content.baz-on.ru/pub/c2226/productphoto/0004/43/0004_43_416.jpg, http://export-content.baz-on.ru/pub/c2226/productphoto/0004/43/0004_43_417.jpg, http://export-content.baz-on.ru/pub/c2226/productphoto/0004/43/0004_43_418.jpg, http://export-content.baz-on.ru/pub/c2226/productphoto/0004/43/0004_43_419.jpg";"4000";"суппорт";"4775033160";"4500";"Контракт";"Контракт, без пробега по РФ";"Toyota";"Camry Gracia";"1";"";"MCV21";"2MZFE";"2001";"Задн.";"Лев.";"275";"0";"";"Toyota";"";"";"01-03-02-01-02";"1";"0";"0";"0";"0";"0"
"87422";"http://export-content.baz-on.ru/pub/c2226/productphoto/0004/42/0004_42_972.jpg, http://export-content.baz-on.ru/pub/c2226/productphoto/0004/42/0004_42_973.jpg, http://export-content.baz-on.ru/pub/c2226/productphoto/0004/42/0004_42_974.jpg";"х";"суппорт";"4773033160";"5500";"Контракт";"Контракт. Без пробега по РФ.";"Toyota";"Camry Gracia";"1";"";"SXV20";"5SFE";"2000";"Задн.";"Прав.";"276";"0";"";"Toyota";"";"";"01-03-02-01-02";"1";"0";"0";"0";"0";"0"
"86725";"http://export-content.baz-on.ru/pub/c2226/productphoto/0004/39/0004_39_575.jpg, http://export-content.baz-on.ru/pub/c2226/productphoto/0004/39/0004_39_576.jpg, http://export-content.baz-on.ru/pub/c2226/productphoto/0004/39/0004_39_577_v1.jpg, http://export-content.baz-on.ru/pub/c2226/productphoto/0004/39/0004_39_578.jpg";"х";"суппорт";"4773033120";"3800";"Контракт";"Пробег по Японии 109223 км.
Контракт. Без пробега по РФ.";"Toyota";"Camry Gracia";"1";"";"MCV21";"2MZFE";"2001";"Перед.";"Прав.";"275";"0";"";"Toyota";"";"";"01-03-02-02-02";"1";"0";"0";"0";"0";"0"
"86363";"http://export-content.baz-on.ru/pub/c2226/productphoto/0004/36/0004_36_932.jpg, http://export-content.baz-on.ru/pub/c2226/productphoto/0004/36/0004_36_933.jpg, http://export-content.baz-on.ru/pub/c2226/productphoto/0004/36/0004_36_934.jpg";"х";"суппорт";"4773033111";"2500";"Контракт";"Контракт.
Без пробега по РФ";"Toyota";"Camry Gracia";"1";"";"SXV20";"5SFE";"2000";"Перед.";"Прав.";"276";"0";"";"Toyota";"";"";"01-03-02-02-02";"1";"0";"0";"0";"0";"0"
"82633";"http://export-content.baz-on.ru/pub/c2226/productphoto/0004/16/0004_16_717.jpg, http://export-content.baz-on.ru/pub/c2226/productphoto/0004/16/0004_16_718.jpg, http://export-content.baz-on.ru/pub/c2226/productphoto/0004/16/0004_16_719.jpg";"2300";"суппорт";"GC5D-33-990C";"2900";"Контракт";"Контракт. Без пробега по РФ.";"Mazda";"Capella";"7";"";"GF8P";"FPDE";"1999";"Перед.";"Лев.";"290";"0";"";"Mazda";"";"";"01-03-02-02-04";"1";"0";"0";"0";"0";"0"
"101415";"http://export-content.baz-on.ru/pub/c2226/productphoto/0005/26/0005_26_560.jpg, http://export-content.baz-on.ru/pub/c2226/productphoto/0005/26/0005_26_561.jpg, http://export-content.baz-on.ru/pub/c2226/productphoto/0005/26/0005_26_562.jpg, http://export-content.baz-on.ru/pub/c2226/productphoto/0005/26/0005_26_563.jpg, http://export-content.baz-on.ru/pub/c2226/productphoto/0005/26/0005_26_564.jpg, http://export-content.baz-on.ru/pub/c2226/productphoto/0005/26/0005_26_565.jpg, http://export-content.baz-on.ru/pub/c2226/productphoto/0005/26/0005_26_566.jpg, http://export-content.baz-on.ru/pub/c2226/productphoto/0005/26/0005_26_567.jpg, http://export-content.baz-on.ru/pub/c2226/productphoto/0005/26/0005_26_568.jpg";"";"суппорт";"4775020480";"2400";"Контракт";"Пробег по Японии 118214  км.
Контракт, без пробега по РФ";"Toyota";"Carina";"6";"1 рест. 1994—1996";"AT191";"7AFE";"1994";"Перед.";"Лев.";"352";"0";"";"Toyota";"";"57-25";"01-03-02-01-02";"1";"0";"0";"0";"0";"0"
"101274";"http://export-content.baz-on.ru/pub/c2226/productphoto/0005/25/0005_25_796.jpg, http://export-content.baz-on.ru/pub/c2226/productphoto/0005/25/0005_25_797.jpg, http://export-content.baz-on.ru/pub/c2226/productphoto/0005/25/0005_25_798.jpg, http://export-content.baz-on.ru/pub/c2226/productphoto/0005/25/0005_25_799.jpg, http://export-content.baz-on.ru/pub/c2226/productphoto/0005/25/0005_25_800.jpg, http://export-content.baz-on.ru/pub/c2226/productphoto/0005/25/0005_25_801.jpg";"";"суппорт";"4773020480";"3200";"Контракт";"Контракт, без пробега по РФ";"Toyota";"Carina";"6";"1 рест. 1994—1996";"AT191";"7AFE";"1994";"Перед.";"Прав.";"352";"0";"";"Toyota";"";"";"01-03-02-01-03";"1";"0";"0";"0";"0";"0"
"85654";"http://export-content.baz-on.ru/pub/c2226/productphoto/0004/33/0004_33_789.jpg, http://export-content.baz-on.ru/pub/c2226/productphoto/0004/33/0004_33_790.jpg, http://export-content.baz-on.ru/pub/c2226/productphoto/0004/33/0004_33_791.jpg, http://export-content.baz-on.ru/pub/c2226/productphoto/0004/33/0004_33_792.jpg";"2200";"суппорт";"4775020481";"2500";"Контракт";"Контракт. Без пробега по РФ";"Toyota";"Carina";"7";"";"ST215";"3SFE";"1999";"Перед.";"Лев.";"277";"0";"";"Toyota";"";"";"01-03-02-02-05";"1";"0";"0";"0";"0";"0"
"82636";"http://export-content.baz-on.ru/pub/c2226/productphoto/0004/16/0004_16_726.jpg, http://export-content.baz-on.ru/pub/c2226/productphoto/0004/16/0004_16_727.jpg, http://export-content.baz-on.ru/pub/c2226/productphoto/0004/16/0004_16_728.jpg";"2200";"суппорт";"4775020481";"2500";"Контракт";"Пробег по Японии 112485 км. Контракт. Без пробега по РФ.";"Toyota";"Carina";"7";"";"AT212";"5AFE";"1998";"Перед.";"Лев.";"303";"0";"";"Toyota";"";"57-25";"01-03-02-02-04";"1";"0";"0";"0";"0";"0"
"73738";"http://export-content.baz-on.ru/pub/c2226/productphoto/0003/57/0003_57_430.jpg, http://export-content.baz-on.ru/pub/c2226/productphoto/0003/57/0003_57_431.jpg, http://export-content.baz-on.ru/pub/c2226/productphoto/0003/57/0003_57_432.jpg, http://export-content.baz-on.ru/pub/c2226/productphoto/0003/57/0003_57_433.jpg, http://export-content.baz-on.ru/pub/c2226/productphoto/0003/57/0003_57_434.jpg";"2800";"суппорт";"4775020480";"3000";"Контракт";"Пробег по Японии: 22040 км. Контракт, без пробега по РФ";"Toyota";"Carina";"6";"";"ST190";"4SFE";"1993";"Перед.";"Лев.";"231";"0";"";"Toyota";"4775020481";"57-25";"01-03-02-02-03";"1";"0";"0";"0";"0";"0"
"84621";"http://export-content.baz-on.ru/pub/c2226/productphoto/0004/27/0004_27_933.jpg, http://export-content.baz-on.ru/pub/c2226/productphoto/0004/27/0004_27_934.jpg, http://export-content.baz-on.ru/pub/c2226/productphoto/0004/27/0004_27_935.jpg, http://export-content.baz-on.ru/pub/c2226/productphoto/0004/27/0004_27_936.jpg, http://export-content.baz-on.ru/pub/c2226/productphoto/0004/27/0004_27_937.jpg";"7000";"суппорт";"440112Y003";"7500";"Контракт";"Пробег по Японии 45286 км. Контракт, без пробега по РФ";"Nissan";"Cefiro";"3";"";"A33";"VQ20DE";"2002";"Задн.";"Лев.";"295";"0";"";"Nissan";"";"";"01-03-02-02-02";"1";"0";"0";"0";"0";"0"
"78524";"http://export-content.baz-on.ru/pub/c2226/productphoto/0003/90/0003_90_003.jpg, http://export-content.baz-on.ru/pub/c2226/productphoto/0003/90/0003_90_004.jpg, http://export-content.baz-on.ru/pub/c2226/productphoto/0003/90/0003_90_005.jpg, http://export-content.baz-on.ru/pub/c2226/productphoto/0003/90/0003_90_006.jpg, http://export-content.baz-on.ru/pub/c2226/productphoto/0003/90/0003_90_007.jpg";"450";"суппорт";"410112Y500";"800";"Контракт";"Пробег по Японии 95867 км. Контракт, без пробега по РФ";"Nissan";"Cefiro";"3";"";"PA33";"VQ25DD";"2002";"Перед.";"Лев.";"250";"0";"";"Nissan";"";"";"01-03-02-02-04";"1";"0";"0";"0";"0";"0"
"63987";"http://export-content.baz-on.ru/pub/c2226/productphoto/0002/99/0002_99_509.jpg, http://export-content.baz-on.ru/pub/c2226/productphoto/0002/99/0002_99_510.jpg, http://export-content.baz-on.ru/pub/c2226/productphoto/0002/99/0002_99_511.jpg, http://export-content.baz-on.ru/pub/c2226/productphoto/0002/99/0002_99_512.jpg, http://export-content.baz-on.ru/pub/c2226/productphoto/0002/99/0002_99_513.jpg";"400";"суппорт";"410112Y000";"700";"Контракт";"Пробег по Японии 77 тыс. Фото соответствует товару. Контракт, без пробега по РФ";"Nissan";"Cefiro";"3";"";"A33";"VQ20DE";"1999";"Перед.";"Лев.";"148";"0";"";"Nissan";"";"";"01-03-02-01-07";"1";"0";"0";"0";"0";"0"
"15276";"http://export-content.baz-on.ru/pub/c2226/productphoto/0000/55/0000_55_636.jpg, http://export-content.baz-on.ru/pub/c2226/productphoto/0000/55/0000_55_637.jpg, http://export-content.baz-on.ru/pub/c2226/productphoto/0000/55/0000_55_638.jpg";"400";"суппорт";"41001-AU001";"450";"Контракт";"Контракт, без пробега по РФ";"Nissan";"Cefiro";"3";"";"A33";"VQ20DE";"";"Перед.";"Прав.";"";"0";"";"Nissan";"41001-AU001";"";"01-03-02-02-04";"1";"0";"0";"0";"0";"0"
"15269";"http://export-content.baz-on.ru/pub/c2226/productphoto/0000/55/0000_55_618.jpg, http://export-content.baz-on.ru/pub/c2226/productphoto/0000/55/0000_55_619.jpg, http://export-content.baz-on.ru/pub/c2226/productphoto/0000/55/0000_55_620.jpg";"400";"суппорт";"41001AU001";"450";"Контракт";"Контракт, без пробега по РФ";"Nissan";"Cefiro";"3";"";"A33";"VQ20DE";"";"Перед.";"Прав.";"";"0";"";"Nissan";"";"";"01-03-02-02-04";"1";"0";"0";"0";"0";"0"
"101479";"http://export-content.baz-on.ru/pub/c2226/productphoto/0005/26/0005_26_878.jpg, http://export-content.baz-on.ru/pub/c2226/productphoto/0005/26/0005_26_879.jpg, http://export-content.baz-on.ru/pub/c2226/productphoto/0005/26/0005_26_880.jpg";"";"суппорт";"4773022330";"3000";"Контракт";"Контракт, без пробега по РФ.";"Toyota";"Chaser";"6";"1 рест. 1998—2001";"GX100";"1GFE";"2001";"Перед.";"Прав.";"353";"0";"";"Toyota";"";"";"01-03-02-01-06";"1";"0";"0";"0";"0";"0"
"101386";"http://export-content.baz-on.ru/pub/c2226/productphoto/0005/26/0005_26_398.jpg, http://export-content.baz-on.ru/pub/c2226/productphoto/0005/26/0005_26_399.jpg, http://export-content.baz-on.ru/pub/c2226/productphoto/0005/26/0005_26_400.jpg, http://export-content.baz-on.ru/pub/c2226/productphoto/0005/26/0005_26_401.jpg, http://export-content.baz-on.ru/pub/c2226/productphoto/0005/26/0005_26_402.jpg, http://export-content.baz-on.ru/pub/c2226/productphoto/0005/26/0005_26_403.jpg, http://export-content.baz-on.ru/pub/c2226/productphoto/0005/26/0005_26_404.jpg, http://export-content.baz-on.ru/pub/c2226/productphoto/0005/26/0005_26_405.jpg, http://export-content.baz-on.ru/pub/c2226/productphoto/0005/26/0005_26_406.jpg";"";"суппорт";"4775022330";"3000";"Контракт";"Контракт, без пробега по РФ";"Toyota";"Chaser";"6";"1 рест. 1998—2001";"GX100";"1GFE";"2001";"Перед.";"Лев.";"353";"0";"";"Toyota";"";"";"01-03-02-01-03";"1";"0";"0";"0";"0";"0"
"101366";"http://export-content.baz-on.ru/pub/c2226/productphoto/0005/26/0005_26_296.jpg, http://export-content.baz-on.ru/pub/c2226/productphoto/0005/26/0005_26_297.jpg, http://export-content.baz-on.ru/pub/c2226/productphoto/0005/26/0005_26_298.jpg, http://export-content.baz-on.ru/pub/c2226/productphoto/0005/26/0005_26_299.jpg, http://export-content.baz-on.ru/pub/c2226/productphoto/0005/26/0005_26_300.jpg, http://export-content.baz-on.ru/pub/c2226/productphoto/0005/26/0005_26_301.jpg, http://export-content.baz-on.ru/pub/c2226/productphoto/0005/26/0005_26_302.jpg, http://export-content.baz-on.ru/pub/c2226/productphoto/0005/26/0005_26_303.jpg, http://export-content.baz-on.ru/pub/c2226/productphoto/0005/26/0005_26_304.jpg";"";"суппорт";"45018S5AJ01";"1500";"Контракт";"Контракт, без пробега по РФ";"Honda";"Civic";"7";"дорест. 2000—2003";"EU1";"D15B";"2002";"Перед.";"Прав.";"339";"0";"";"Honda";"";"";"01-03-02-01-03";"1";"0";"0";"0";"0";"0"
"101365";"http://export-content.baz-on.ru/pub/c2226/productphoto/0005/26/0005_26_288.jpg, http://export-content.baz-on.ru/pub/c2226/productphoto/0005/26/0005_26_289.jpg, http://export-content.baz-on.ru/pub/c2226/productphoto/0005/26/0005_26_290.jpg, http://export-content.baz-on.ru/pub/c2226/productphoto/0005/26/0005_26_291.jpg, http://export-content.baz-on.ru/pub/c2226/productphoto/0005/26/0005_26_292.jpg, http://export-content.baz-on.ru/pub/c2226/productphoto/0005/26/0005_26_293.jpg, http://export-content.baz-on.ru/pub/c2226/productphoto/0005/26/0005_26_294.jpg, http://export-content.baz-on.ru/pub/c2226/productphoto/0005/26/0005_26_295.jpg";"";"суппорт";"45019S5AJ01";"1500";"Контракт";"Контракт, без пробега по РФ";"Honda";"Civic";"7";"дорест. 2000—2003";"EU1";"D15B";"2002";"Перед.";"Лев.";"339";"0";"";"Honda";"";"";"01-03-02-01-03";"1";"0";"0";"0";"0";"0"
"78441";"http://export-content.baz-on.ru/pub/c2226/productphoto/0003/89/0003_89_640.jpg, http://export-content.baz-on.ru/pub/c2226/productphoto/0003/89/0003_89_641.jpg, http://export-content.baz-on.ru/pub/c2226/productphoto/0003/89/0003_89_642.jpg, http://export-content.baz-on.ru/pub/c2226/productphoto/0003/89/0003_89_643.jpg, http://export-content.baz-on.ru/pub/c2226/productphoto/0003/89/0003_89_644.jpg, http://export-content.baz-on.ru/pub/c2226/productphoto/0003/89/0003_89_645.jpg";"1100";"суппорт";"45018S5AJ02";"1900";"Контракт";"Пробег по Японии 123579 км. Контракт, без пробега по РФ";"Honda";"Civic";"7";"";"EU1";"D15B";"2002";"Перед.";"Прав.";"240";"0";"";"Honda";"16CL14VN";"16CL14VN";"01-03-02-01-07";"1";"0";"0";"0";"0";"0"
"78299";"http://export-content.baz-on.ru/pub/c2226/productphoto/0003/88/0003_88_983.jpg, http://export-content.baz-on.ru/pub/c2226/productphoto/0003/88/0003_88_984.jpg, http://export-content.baz-on.ru/pub/c2226/productphoto/0003/88/0003_88_985.jpg, http://export-content.baz-on.ru/pub/c2226/productphoto/0003/88/0003_88_986.jpg, http://export-content.baz-on.ru/pub/c2226/productphoto/0003/88/0003_88_987.jpg, http://export-content.baz-on.ru/pub/c2226/productphoto/0003/88/0003_88_988.jpg";"1000";"суппорт";"45019S5AJ02";"2000";"Контракт";"Хорошее состояние. Контракт, без пробега по РФ.";"Honda";"Civic";"7";"";"EU1";"D15B";"2002";"Перед.";"Лев.";"240";"0";"";"Honda";"16CL14VN";"16CL14VN";"01-03-02-01-04";"1";"0";"0";"0";"0";"0"
"101482";"http://export-content.baz-on.ru/pub/c2226/productphoto/0005/26/0005_26_896.jpg, http://export-content.baz-on.ru/pub/c2226/productphoto/0005/26/0005_26_897.jpg, http://export-content.baz-on.ru/pub/c2226/productphoto/0005/26/0005_26_898.jpg";"";"суппорт";"45018S5AJ02";"1900";"Контракт";"Контракт, без пробега по РФ.";"Honda";"Civic Ferio";"3";"1 рест. 2003—2006";"ES3";"D17A";"2004";"Перед.";"Прав.";"338";"0";"";"Honda";"";"";"01-03-02-01-03";"1";"0";"0";"0";"0";"0"
"101349";"http://export-content.baz-on.ru/pub/c2226/productphoto/0005/26/0005_26_225.jpg, http://export-content.baz-on.ru/pub/c2226/productphoto/0005/26/0005_26_226.jpg, http://export-content.baz-on.ru/pub/c2226/productphoto/0005/26/0005_26_227.jpg, http://export-content.baz-on.ru/pub/c2226/productphoto/0005/26/0005_26_228.jpg, http://export-content.baz-on.ru/pub/c2226/productphoto/0005/26/0005_26_229.jpg, http://export-content.baz-on.ru/pub/c2226/productphoto/0005/26/0005_26_230.jpg, http://export-content.baz-on.ru/pub/c2226/productphoto/0005/26/0005_26_231.jpg, http://export-content.baz-on.ru/pub/c2226/productphoto/0005/26/0005_26_232.jpg, http://export-content.baz-on.ru/pub/c2226/productphoto/0005/26/0005_26_233.jpg, http://export-content.baz-on.ru/pub/c2226/productphoto/0005/26/0005_26_234.jpg";"";"суппорт";"45019S5AJ02";"2000";"Контракт";"Контракт, без пробега по РФ";"Honda";"Civic Ferio";"3";"1 рест. 2003—2006";"ES3";"D17A";"2004";"Перед.";"Прав.";"338";"0";"";"Honda";"";"";"01-03-02-01-06";"1";"0";"0";"0";"0";"0"
"62707";"http://export-content.baz-on.ru/pub/c2226/productphoto/0002/92/0002_92_871.jpg, http://export-content.baz-on.ru/pub/c2226/productphoto/0002/92/0002_92_872.jpg, http://export-content.baz-on.ru/pub/c2226/productphoto/0002/92/0002_92_873.jpg";"1300";"суппорт";"45019S5A013";"1500";"Контракт";"Фото соответствуют товару. Контрактный, без пробега по РФ.";"Honda";"Civic Ferio";"3";"";"ES1";"D15B";"2002";"Перед.";"Лев.";"142";"0";"";"Honda";"";"";"01-03-02-01-05";"1";"0";"0";"0";"0";"0"
"48539";"http://export-content.baz-on.ru/pub/c2226/productphoto/0002/14/0002_14_349.jpg, http://export-content.baz-on.ru/pub/c2226/productphoto/0002/14/0002_14_350.jpg, http://export-content.baz-on.ru/pub/c2226/productphoto/0002/14/0002_14_351.jpg";"5000";"суппорт";"45018-S5A-003";"6000";"Контракт";"Фото соответствует товару. Контракт, без пробега по РФ";"Honda";"Civic Ferio";"3";"";"ES1";"D15B";"2002";"Перед.";"Прав.";"117";"0";"";"Honda";"";"";"01-03-02-01-05";"1";"0";"0";"0";"0";"0"
"86728";"http://export-content.baz-on.ru/pub/c2226/productphoto/0004/39/0004_39_587.jpg, http://export-content.baz-on.ru/pub/c2226/productphoto/0004/39/0004_39_588.jpg, http://export-content.baz-on.ru/pub/c2226/productphoto/0004/39/0004_39_589_v1.jpg, http://export-content.baz-on.ru/pub/c2226/productphoto/0004/39/0004_39_590_v1.jpg, http://export-content.baz-on.ru/pub/c2226/productphoto/0004/39/0004_39_591.jpg";"х";"суппорт";"4775012310";"3500";"Контракт";"Контракт. Без пробега по РФ.";"Toyota";"Corolla";"8";"";"EE111";"4EFE";"1998";"Перед.";"Лев.";"278";"0";"";"Toyota";"";"";"01-03-02-02-02";"1";"0";"0";"0";"0";"0"
"101475";"http://export-content.baz-on.ru/pub/c2226/productphoto/0005/26/0005_26_853.jpg, http://export-content.baz-on.ru/pub/c2226/productphoto/0005/26/0005_26_854.jpg, http://export-content.baz-on.ru/pub/c2226/productphoto/0005/26/0005_26_855.jpg";"";"суппорт";"4775020510";"2200";"Контракт";"Контракт, без пробега по РФ.";"Toyota";"Corolla Fielder";"1";"дорест. 2000—2002";"NZE124";"1NZFE";"2002";"Перед.";"Лев.";"354";"0";"";"Toyota";"";"";"01-03-02-01-03";"1";"0";"0";"0";"0";"0"
"101414";"http://export-content.baz-on.ru/pub/c2226/productphoto/0005/26/0005_26_552.jpg, http://export-content.baz-on.ru/pub/c2226/productphoto/0005/26/0005_26_553.jpg, http://export-content.baz-on.ru/pub/c2226/productphoto/0005/26/0005_26_554.jpg, http://export-content.baz-on.ru/pub/c2226/productphoto/0005/26/0005_26_555.jpg, http://export-content.baz-on.ru/pub/c2226/productphoto/0005/26/0005_26_556.jpg, http://export-content.baz-on.ru/pub/c2226/productphoto/0005/26/0005_26_557.jpg, http://export-content.baz-on.ru/pub/c2226/productphoto/0005/26/0005_26_558.jpg, http://export-content.baz-on.ru/pub/c2226/productphoto/0005/26/0005_26_559.jpg";"";"суппорт";"4773020600";"2700";"Контракт";"Пробег по Японии 117803 км.
Контракт, без пробега по РФ";"Toyota";"Corolla Spacio";"2";"1 рест. 2003—2007";"NZE121";"1NZFE";"2005";"Перед.";"Прав.";"355";"0";"";"Toyota";"";"";"01-03-02-01-02";"1";"0";"0";"0";"0";"0"
"83092";"http://export-content.baz-on.ru/pub/c2226/productphoto/0004/20/0004_20_366.jpg, http://export-content.baz-on.ru/pub/c2226/productphoto/0004/20/0004_20_367.jpg, http://export-content.baz-on.ru/pub/c2226/productphoto/0004/20/0004_20_368.jpg, http://export-content.baz-on.ru/pub/c2226/productphoto/0004/20/0004_20_369.jpg, http://export-content.baz-on.ru/pub/c2226/productphoto/0004/20/0004_20_370.jpg, http://export-content.baz-on.ru/pub/c2226/productphoto/0004/20/0004_20_371.jpg";"4500?";"суппорт";"4775012320";"5500";"Контракт";"Контракт. Без пробега по РФ. Пробег по Японии 79 249km";"Toyota";"Corolla Spacio";"1";"";"AE111N";"4AFE";"1999";"Перед.";"Лев.";"305";"0";"";"Toyota";"";"54-22";"01-03-02-01-03";"1";"0";"0";"0";"0";"0"
"101400";"http://export-content.baz-on.ru/pub/c2226/productphoto/0005/26/0005_26_458.jpg, http://export-content.baz-on.ru/pub/c2226/productphoto/0005/26/0005_26_459.jpg, http://export-content.baz-on.ru/pub/c2226/productphoto/0005/26/0005_26_460.jpg, http://export-content.baz-on.ru/pub/c2226/productphoto/0005/26/0005_26_461.jpg, http://export-content.baz-on.ru/pub/c2226/productphoto/0005/26/0005_26_462.jpg, http://export-content.baz-on.ru/pub/c2226/productphoto/0005/26/0005_26_463.jpg, http://export-content.baz-on.ru/pub/c2226/productphoto/0005/26/0005_26_464.jpg, http://export-content.baz-on.ru/pub/c2226/productphoto/0005/26/0005_26_465.jpg";"";"суппорт";"4773020480";"3500";"Контракт";"Пробег по Японии 41786 км.
Контракт, без пробега по РФ";"Toyota";"Corona";"10 пок. 1992—1996 (Toyota Corona SF)";"1 рест. 1994—1996 (Toyota Corona SF)";"ST190";"4SFE";"1995";"Перед.";"Прав.";"357";"0";"";"Toyota";"";"57-25";"01-03-02-02-04";"1";"0";"0";"0";"0";"0"
"101392";"http://export-content.baz-on.ru/pub/c2226/productphoto/0005/26/0005_26_429.jpg, http://export-content.baz-on.ru/pub/c2226/productphoto/0005/26/0005_26_430.jpg, http://export-content.baz-on.ru/pub/c2226/productphoto/0005/26/0005_26_431.jpg, http://export-content.baz-on.ru/pub/c2226/productphoto/0005/26/0005_26_432.jpg, http://export-content.baz-on.ru/pub/c2226/productphoto/0005/26/0005_26_433.jpg, http://export-content.baz-on.ru/pub/c2226/productphoto/0005/26/0005_26_434.jpg, http://export-content.baz-on.ru/pub/c2226/productphoto/0005/26/0005_26_435.jpg, http://export-content.baz-on.ru/pub/c2226/productphoto/0005/26/0005_26_436.jpg, http://export-content.baz-on.ru/pub/c2226/productphoto/0005/26/0005_26_437.jpg";"";"суппорт";"4775020481";"2500";"Контракт";"Дефект пыльника.
Пробег по Японии 104569 км.
Контракт, без пробега по РФ";"Toyota";"Corona Premio";"1";"1 рест. 1997—2001";"ST215";"3SFE";"2000";"Перед.";"Лев.";"356";"0";"";"Toyota";"";"57-25";"01-03-02-01-02";"1";"0";"0";"0";"0";"0"
"103523";"http://export-content.baz-on.ru/pub/c2226/productphoto/0005/38/0005_38_173.jpg, http://export-content.baz-on.ru/pub/c2226/productphoto/0005/38/0005_38_174.jpg, http://export-content.baz-on.ru/pub/c2226/productphoto/0005/38/0005_38_175.jpg";"";"суппорт";"43019SWAA10";"2500";"Контракт";"Контракт. Без пробега по РФ";"Honda";"CR-V";"3";"дорест. 2006—2009";"RE4";"K24A";"2008";"Задн.";"Лев.";"340";"0";"";"Honda";"";"";"01-03-02-01-03";"1";"0";"0";"0";"0";"0"
"103522";"http://export-content.baz-on.ru/pub/c2226/productphoto/0005/38/0005_38_170.jpg, http://export-content.baz-on.ru/pub/c2226/productphoto/0005/38/0005_38_171.jpg, http://export-content.baz-on.ru/pub/c2226/productphoto/0005/38/0005_38_172.jpg";"";"суппорт";"43018SWAA10";"2700";"Контракт";"Контракт. Без пробега по РФ";"Honda";"CR-V";"3";"дорест. 2006—2009";"RE4";"K24A";"2008";"Задн.";"Прав.";"340";"0";"";"Honda";"";"";"01-03-02-01-03";"1";"0";"0";"0";"0";"0"
"101404";"http://export-content.baz-on.ru/pub/c2226/productphoto/0005/26/0005_26_486.jpg, http://export-content.baz-on.ru/pub/c2226/productphoto/0005/26/0005_26_487.jpg, http://export-content.baz-on.ru/pub/c2226/productphoto/0005/26/0005_26_488.jpg, http://export-content.baz-on.ru/pub/c2226/productphoto/0005/26/0005_26_489.jpg, http://export-content.baz-on.ru/pub/c2226/productphoto/0005/26/0005_26_490.jpg, http://export-content.baz-on.ru/pub/c2226/productphoto/0005/26/0005_26_491.jpg, http://export-content.baz-on.ru/pub/c2226/productphoto/0005/26/0005_26_492.jpg, http://export-content.baz-on.ru/pub/c2226/productphoto/0005/26/0005_26_493.jpg";"";"суппорт";"45018SHJA01";"2800";"Контракт";"Пробег по Японии 145809 км.
Контракт, без пробега по РФ";"Honda";"CR-V";"3";"дорест. 2006—2009";"RE4";"K24A";"2008";"Перед.";"Прав.";"340";"0";"";"Honda";"";"";"01-03-02-01-02";"1";"0";"0";"0";"0";"0"
"98162";"http://export-content.baz-on.ru/pub/c2226/productphoto/0005/07/0005_07_764.jpg, http://export-content.baz-on.ru/pub/c2226/productphoto/0005/07/0005_07_765_v1.jpg, http://export-content.baz-on.ru/pub/c2226/productphoto/0005/07/0005_07_766.jpg";"";"суппорт";"45019SHJA01";"3000";"Контракт";"Пробег по Японии 125990 км.
Контракт, без пробега по РФ";"Honda";"CR-V";"3";"дорест. 2006—2009";"RE4";"K24A";"2007";"Перед.";"Лев.";"311";"0";"";"Honda";"";"";"01-03-02-02-03";"1";"0";"0";"0";"0";"0"
"97385";"http://export-content.baz-on.ru/pub/c2226/productphoto/0005/01/0005_01_319.jpg, http://export-content.baz-on.ru/pub/c2226/productphoto/0005/01/0005_01_320.jpg, http://export-content.baz-on.ru/pub/c2226/productphoto/0005/01/0005_01_321.jpg, http://export-content.baz-on.ru/pub/c2226/productphoto/0005/01/0005_01_322.jpg, http://export-content.baz-on.ru/pub/c2226/productphoto/0005/01/0005_01_323.jpg, http://export-content.baz-on.ru/pub/c2226/productphoto/0005/01/0005_01_324.jpg, http://export-content.baz-on.ru/pub/c2226/productphoto/0005/01/0005_01_325.jpg";"2700?";"суппорт";"45018S9AE00";"5000";"Контракт";"Пробег по Японии 144401 км.
Контракт, без пробега по РФ";"Honda";"CR-V";"2";"1 рест. 2004—2006";"RD7";"K24A";"2005";"Перед.";"Прав.";"310";"0";"";"Honda";"";"";"01-03-02-02-06";"1";"0";"0";"0";"0";"0"
"97233";"http://export-content.baz-on.ru/pub/c2226/productphoto/0005/00/0005_00_405.jpg, http://export-content.baz-on.ru/pub/c2226/productphoto/0005/00/0005_00_406.jpg, http://export-content.baz-on.ru/pub/c2226/productphoto/0005/00/0005_00_407.jpg, http://export-content.baz-on.ru/pub/c2226/productphoto/0005/00/0005_00_408.jpg, http://export-content.baz-on.ru/pub/c2226/productphoto/0005/00/0005_00_409.jpg, http://export-content.baz-on.ru/pub/c2226/productphoto/0005/00/0005_00_410.jpg, http://export-content.baz-on.ru/pub/c2226/productphoto/0005/00/0005_00_411.jpg";"х";"суппорт";"45018SHJA01";"3000";"Контракт";"Пробег по Японии 125990 км.
Контракт, без пробега по РФ";"Honda";"CR-V";"3";"дорест. 2006—2009";"RE4";"K24A";"2007";"Перед.";"Прав.";"311";"0";"";"Honda";"";"";"01-03-02-02-06";"1";"0";"0";"0";"0";"0"
"97112";"http://export-content.baz-on.ru/pub/c2226/productphoto/0004/99/0004_99_824.jpg, http://export-content.baz-on.ru/pub/c2226/productphoto/0004/99/0004_99_825.jpg, http://export-content.baz-on.ru/pub/c2226/productphoto/0004/99/0004_99_826.jpg, http://export-content.baz-on.ru/pub/c2226/productphoto/0004/99/0004_99_827.jpg, http://export-content.baz-on.ru/pub/c2226/productphoto/0004/99/0004_99_828.jpg, http://export-content.baz-on.ru/pub/c2226/productphoto/0004/99/0004_99_829.jpg, http://export-content.baz-on.ru/pub/c2226/productphoto/0004/99/0004_99_830.jpg";"х";"суппорт";"43018S9AE00";"3500";"Контракт";"Пробег по Японии 144401 км.
Контракт, без пробега по РФ";"Honda";"CR-V";"2";"1 рест. 2004—2006";"RD7";"K24A";"2005";"Задн.";"Прав.";"310";"0";"";"Honda";"";"";"01-03-02-02-06";"1";"0";"0";"0";"0";"0"
"97110";"http://export-content.baz-on.ru/pub/c2226/productphoto/0004/99/0004_99_818.jpg, http://export-content.baz-on.ru/pub/c2226/productphoto/0004/99/0004_99_819.jpg, http://export-content.baz-on.ru/pub/c2226/productphoto/0004/99/0004_99_820.jpg, http://export-content.baz-on.ru/pub/c2226/productphoto/0004/99/0004_99_821.jpg, http://export-content.baz-on.ru/pub/c2226/productphoto/0004/99/0004_99_822.jpg, http://export-content.baz-on.ru/pub/c2226/productphoto/0004/99/0004_99_823.jpg";"3250";"суппорт";"43019S9AE00";"3500";"Контракт";"Пробег по Японии 144401 км.
Контракт, без пробега по РФ";"Honda";"CR-V";"2";"1 рест. 2004—2006";"RD7";"K24A";"2005";"Задн.";"Лев.";"310";"0";"";"Honda";"";"";"01-03-02-02-06";"1";"0";"0";"0";"0";"0"
"82840";"http://export-content.baz-on.ru/pub/c2226/productphoto/0004/17/0004_17_663.jpg, http://export-content.baz-on.ru/pub/c2226/productphoto/0004/17/0004_17_664.jpg, http://export-content.baz-on.ru/pub/c2226/productphoto/0004/17/0004_17_665.jpg, http://export-content.baz-on.ru/pub/c2226/productphoto/0004/17/0004_17_666.jpg, http://export-content.baz-on.ru/pub/c2226/productphoto/0004/17/0004_17_667.jpg, http://export-content.baz-on.ru/pub/c2226/productphoto/0004/17/0004_17_668.jpg";"3000";"суппорт";"45019SM4A00";"4500";"Контракт";"Контракт. Без пробега по РФ.";"Honda";"CR-V";"1";"";"RD1";"B20B";"2000";"Перед.";"Лев.";"288";"0";"";"Honda";"";"";"01-03-02-02-03";"1";"0";"0";"0";"0";"0"
"82628";"http://export-content.baz-on.ru/pub/c2226/productphoto/0004/16/0004_16_701.jpg, http://export-content.baz-on.ru/pub/c2226/productphoto/0004/16/0004_16_702.jpg, http://export-content.baz-on.ru/pub/c2226/productphoto/0004/16/0004_16_703.jpg, http://export-content.baz-on.ru/pub/c2226/productphoto/0004/16/0004_16_704.jpg";"4500";"суппорт";"45018SM4A00";"5000";"Контракт";"Контракт. Без пробега по РФ.";"Honda";"CR-V";"1";"";"RD1";"B20B";"2000";"Перед.";"Прав.";"288";"0";"";"Honda";"";"";"01-03-02-02-05";"1";"0";"0";"0";"0";"0"
"58722";"http://export-content.baz-on.ru/pub/c2226/productphoto/0002/70/0002_70_592.jpg, http://export-content.baz-on.ru/pub/c2226/productphoto/0002/70/0002_70_593.jpg, http://export-content.baz-on.ru/pub/c2226/productphoto/0002/70/0002_70_594.jpg, http://export-content.baz-on.ru/pub/c2226/productphoto/0002/70/0002_70_595.jpg, http://export-content.baz-on.ru/pub/c2226/productphoto/0002/70/0002_70_596.jpg, http://export-content.baz-on.ru/pub/c2226/productphoto/0002/70/0002_70_597.jpg, http://export-content.baz-on.ru/pub/c2226/productphoto/0002/70/0002_70_598.jpg, http://export-content.baz-on.ru/pub/c2226/productphoto/0002/70/0002_70_599.jpg";"10000?";"суппорт";"KAY0-26-61XA";"22000";"Контракт";"2WD. Пробег по Японии 70 тыс. Фото соответствует товару. Контракт, без пробега по РФ";"Mazda";"CX-5";"2";"";"KFEP";"PE-VPS";"2019";"Задн.";"Прав.";"171";"0";"";"Mazda";"KAY0-26-28X, KA0G-26-8EXA, KA0G-26-8EX";"";"01-03-02-01-05";"1";"0";"0";"0";"0";"0"
"58720";"http://export-content.baz-on.ru/pub/c2226/productphoto/0002/70/0002_70_521.jpg, http://export-content.baz-on.ru/pub/c2226/productphoto/0002/70/0002_70_522.jpg, http://export-content.baz-on.ru/pub/c2226/productphoto/0002/70/0002_70_523.jpg, http://export-content.baz-on.ru/pub/c2226/productphoto/0002/70/0002_70_524.jpg, http://export-content.baz-on.ru/pub/c2226/productphoto/0002/70/0002_70_525.jpg, http://export-content.baz-on.ru/pub/c2226/productphoto/0002/70/0002_70_526.jpg";"2500";"суппорт";"K011-33-61X";"3500";"Контракт";"2WD. Пробег по Японии 70 тыс. Фото соответствует товару. Контракт, без пробега по РФ";"Mazda";"CX-5";"2";"";"KFEP";"PE-VPS";"2019";"Перед.";"Прав.";"171";"240";"";"Mazda";"";"6070";"01-03-02-01-04";"1";"0";"0";"0";"0";"0"
"58667";"http://export-content.baz-on.ru/pub/c2226/productphoto/0002/70/0002_70_163.jpg, http://export-content.baz-on.ru/pub/c2226/productphoto/0002/70/0002_70_164.jpg, http://export-content.baz-on.ru/pub/c2226/productphoto/0002/70/0002_70_165.jpg, http://export-content.baz-on.ru/pub/c2226/productphoto/0002/70/0002_70_166.jpg, http://export-content.baz-on.ru/pub/c2226/productphoto/0002/70/0002_70_167.jpg, http://export-content.baz-on.ru/pub/c2226/productphoto/0002/70/0002_70_168.jpg, http://export-content.baz-on.ru/pub/c2226/productphoto/0002/70/0002_70_169.jpg, http://export-content.baz-on.ru/pub/c2226/productphoto/0002/70/0002_70_170.jpg, http://export-content.baz-on.ru/pub/c2226/productphoto/0002/70/0002_70_171.jpg";"2000";"суппорт";"K0Y1-33-99Z";"3000";"Контракт";"2WD. Пробег по Японии 70 тыс. Фото соответствует товару. Контракт, без пробега по РФ";"Mazda";"CX-5";"2";"";"KFEP";"PE-VPS";"2019";"Перед.";"Лев.";"171";"240";"";"Mazda";"";"6070";"01-03-02-01-04";"1";"0";"0";"0";"0";"0"
"78498";"http://export-content.baz-on.ru/pub/c2226/productphoto/0003/89/0003_89_871.jpg, http://export-content.baz-on.ru/pub/c2226/productphoto/0003/89/0003_89_872.jpg, http://export-content.baz-on.ru/pub/c2226/productphoto/0003/89/0003_89_873.jpg, http://export-content.baz-on.ru/pub/c2226/productphoto/0003/89/0003_89_874.jpg, http://export-content.baz-on.ru/pub/c2226/productphoto/0003/89/0003_89_875.jpg, http://export-content.baz-on.ru/pub/c2226/productphoto/0003/89/0003_89_876.jpg, http://export-content.baz-on.ru/pub/c2226/productphoto/0003/89/0003_89_877.jpg";"х";"суппорт";"D201-33-980";"1500";"Контракт";"Пробег по Японии 56304 км. Контракт, без пробега по РФ";"Mazda";"Demio";"1";"";"DW5W";"B5ME";"1997";"Перед.";"Прав.";"244";"0";"";"Mazda";"";"";"01-03-02-01-07";"1";"0";"0";"0";"0";"0"
"78495";"http://export-content.baz-on.ru/pub/c2226/productphoto/0003/89/0003_89_853.jpg, http://export-content.baz-on.ru/pub/c2226/productphoto/0003/89/0003_89_854.jpg, http://export-content.baz-on.ru/pub/c2226/productphoto/0003/89/0003_89_855.jpg, http://export-content.baz-on.ru/pub/c2226/productphoto/0003/89/0003_89_856.jpg, http://export-content.baz-on.ru/pub/c2226/productphoto/0003/89/0003_89_857.jpg, http://export-content.baz-on.ru/pub/c2226/productphoto/0003/89/0003_89_858.jpg, http://export-content.baz-on.ru/pub/c2226/productphoto/0003/89/0003_89_859.jpg";"х";"суппорт";"D201-33-990";"2000";"Контракт";"Пробег по Японии 56304 км. Контракт, без пробега по РФ";"Mazda";"Demio";"1";"";"DW5W";"B5ME";"1997";"Перед.";"Лев.";"244";"0";"";"Mazda";"";"";"01-03-02-01-07";"1";"0";"0";"0";"0";"0"
"40493";"http://export-content.baz-on.ru/pub/c2226/productphoto/0001/78/0001_78_649.jpg, http://export-content.baz-on.ru/pub/c2226/productphoto/0001/78/0001_78_650.jpg";"1000";"суппорт";"41001JE00A";"1300";"Контракт";"Контракт, без пробега по РФ. Фото соответствуют товару.";"Nissan";"Dualis";"1";"";"KNJ10";"MR20DE";"2008";"Перед.";"Прав.";"99";"0";"";"Nissan";"";"";"01-03-02-01-02";"1";"0";"0";"0";"0";"0"
"104744";"http://export-content.baz-on.ru/pub/c2226/productphoto/0005/45/0005_45_296.jpg, http://export-content.baz-on.ru/pub/c2226/productphoto/0005/45/0005_45_297.jpg, http://export-content.baz-on.ru/pub/c2226/productphoto/0005/45/0005_45_298.jpg";"";"суппорт";"55402-77K00-999";"5200";"Контракт";"Контракт, без пробега по РФ.";"Suzuki";"Escudo";"3";"1 рест. 2008—2012";"TDA4W";"J24B";"2010";"Задн.";"Лев.";"346";"0";"";"Suzuki";"";"";"01-03-02-01-03";"1";"0";"0";"0";"0";"0"
"104679";"http://export-content.baz-on.ru/pub/c2226/productphoto/0005/44/0005_44_859.jpg, http://export-content.baz-on.ru/pub/c2226/productphoto/0005/44/0005_44_860.jpg, http://export-content.baz-on.ru/pub/c2226/productphoto/0005/44/0005_44_861.jpg, http://export-content.baz-on.ru/pub/c2226/productphoto/0005/44/0005_44_862.jpg, http://export-content.baz-on.ru/pub/c2226/productphoto/0005/44/0005_44_863.jpg";"";"суппорт";"55401-77K00-999";"4500";"Контракт";"Контракт, без пробега по РФ
Комплектность как на фото";"Suzuki";"Escudo";"3";"1 рест. 2008—2012";"TDA4W";"J24B";"2010";"Задн.";"Прав.";"346";"0";"";"Suzuki";"";"";"01-03-02-02-02";"1";"0";"0";"0";"0";"0"
"87662";"http://export-content.baz-on.ru/pub/c2226/productphoto/0004/43/0004_43_969.jpg, http://export-content.baz-on.ru/pub/c2226/productphoto/0004/43/0004_43_970.jpg, http://export-content.baz-on.ru/pub/c2226/productphoto/0004/43/0004_43_971.jpg, http://export-content.baz-on.ru/pub/c2226/productphoto/0004/43/0004_43_972.jpg, http://export-content.baz-on.ru/pub/c2226/productphoto/0004/43/0004_43_973.jpg";"5000";"суппорт";"55102-65D20-999";"6500";"Контракт";"Контракт, без пробега по РФ";"Suzuki";"Escudo";"2";"";"TL52W";"J20A";"2003";"Перед.";"Лев.";"270";"0";"";"Suzuki";"";"";"01-03-02-02-03";"1";"0";"0";"0";"0";"0"
"87661";"http://export-content.baz-on.ru/pub/c2226/productphoto/0004/43/0004_43_965.jpg, http://export-content.baz-on.ru/pub/c2226/productphoto/0004/43/0004_43_966.jpg, http://export-content.baz-on.ru/pub/c2226/productphoto/0004/43/0004_43_967.jpg, http://export-content.baz-on.ru/pub/c2226/productphoto/0004/43/0004_43_968.jpg";"5000";"суппорт";"55102-65D20-999";"6500";"Контракт";"Контракт, без пробега по РФ";"Suzuki";"Escudo";"2";"";"TL52W";"J20A";"2003";"Перед.";"Лев.";"270";"0";"";"Suzuki";"";"";"01-03-02-02-03";"1";"0";"0";"0";"0";"0"
"47377";"http://export-content.baz-on.ru/pub/c2226/productphoto/0002/10/0002_10_077.jpg, http://export-content.baz-on.ru/pub/c2226/productphoto/0002/10/0002_10_078.jpg, http://export-content.baz-on.ru/pub/c2226/productphoto/0002/10/0002_10_079.jpg";"4500";"суппорт";"55101-65D20-999";"6500";"Контракт";"Контрактный, без пробега по РФ. Фото соответствуют товару.";"Suzuki";"Escudo";"2";"";"TD62W";"H25A";"2003";"Перед.";"Прав.";"127";"0";"";"Suzuki";"";"";"01-03-02-02-07";"1";"0";"0";"0";"0";"0"
"47376";"http://export-content.baz-on.ru/pub/c2226/productphoto/0002/10/0002_10_074.jpg, http://export-content.baz-on.ru/pub/c2226/productphoto/0002/10/0002_10_075.jpg, http://export-content.baz-on.ru/pub/c2226/productphoto/0002/10/0002_10_076.jpg";"5000";"суппорт";"55102-65D20-999";"6000";"Контракт";"Контрактный, без пробега по РФ. Фото соответствуют товару.";"Suzuki";"Escudo";"2";"";"TD62W";"H25A";"2003";"Перед.";"Лев.";"127";"0";"";"Suzuki";"";"";"01-03-02-02-07";"1";"0";"0";"0";"0";"0"
"28666";"http://export-content.baz-on.ru/pub/c2226/productphoto/0001/14/0001_14_778.jpg, http://export-content.baz-on.ru/pub/c2226/productphoto/0001/14/0001_14_779.jpg, http://export-content.baz-on.ru/pub/c2226/productphoto/0001/14/0001_14_780.jpg, http://export-content.baz-on.ru/pub/c2226/productphoto/0001/14/0001_14_781.jpg, http://export-content.baz-on.ru/pub/c2226/productphoto/0001/14/0001_14_782.jpg, http://export-content.baz-on.ru/pub/c2226/productphoto/0001/14/0001_14_783.jpg, http://export-content.baz-on.ru/pub/c2226/productphoto/0001/62/0001_62_614.jpg, http://export-content.baz-on.ru/pub/c2226/productphoto/0001/62/0001_62_615.jpg, http://export-content.baz-on.ru/pub/c2226/productphoto/0001/62/0001_62_616.jpg, http://export-content.baz-on.ru/pub/c2226/productphoto/0001/62/0001_62_617.jpg";"4500";"суппорт";"55101-65D20-999";"6500";"Контракт";"Колодка L=116мм. Хорошее состояние. Контракт, без пробега по РФ";"Suzuki";"Escudo";"2";"1 рест. 2000—2005";"TL52W";"J20A";"2003";"Перед.";"Прав.";"73";"0";"";"Suzuki";"";"";"01-03-02-02-02";"1";"0";"0";"0";"0";"0"
"103418";"http://export-content.baz-on.ru/pub/c2226/productphoto/0005/37/0005_37_577.jpg, http://export-content.baz-on.ru/pub/c2226/productphoto/0005/37/0005_37_578.jpg, http://export-content.baz-on.ru/pub/c2226/productphoto/0005/37/0005_37_579.jpg";"";"суппорт";"B2ZC-33-98Z";"6000";"Контракт";"Контракт. Без пробега по РФ";"Mazda";"Familia S-Wagon";"8";"дорест. 1998—2000";"BJ5W";"ZLVE";"1998";"Перед.";"Прав.";"313";"0";"";"Mazda";"";"";"01-03-02-01-03";"1";"0";"0";"0";"0";"0"
"97939";"http://export-content.baz-on.ru/pub/c2226/productphoto/0005/05/0005_05_528.jpg, http://export-content.baz-on.ru/pub/c2226/productphoto/0005/05/0005_05_529.jpg, http://export-content.baz-on.ru/pub/c2226/productphoto/0005/05/0005_05_530.jpg, http://export-content.baz-on.ru/pub/c2226/productphoto/0005/05/0005_05_531.jpg, http://export-content.baz-on.ru/pub/c2226/productphoto/0005/05/0005_05_532.jpg, http://export-content.baz-on.ru/pub/c2226/productphoto/0005/05/0005_05_533.jpg";"х";"суппорт";"B2ZC-33-99Z";"3600";"Контракт";"Пробег по Японии 97400 км.
Контракт, без пробега по РФ";"Mazda";"Familia S-Wagon";"8";"дорест. 1998—2000";"BJ5W";"ZLVE";"1998";"Перед.";"Лев.";"313";"0";"";"Mazda";"";"";"01-03-02-01-05";"1";"0";"0";"0";"0";"0"
"67618";"http://export-content.baz-on.ru/pub/c2226/productphoto/0003/21/0003_21_977.jpg, http://export-content.baz-on.ru/pub/c2226/productphoto/0003/21/0003_21_978.jpg, http://export-content.baz-on.ru/pub/c2226/productphoto/0003/21/0003_21_979.jpg";"1600";"суппорт";"45018TF2J00";"2000";"Контракт";"Контрактный, без пробега по РФ. Фото соответствуют товару.";"Honda";"Fit";"2";"";"GE7";"L13A";"2011";"Перед.";"Прав.";"192";"0";"";"Honda";"";"";"01-03-02-02-07";"1";"0";"0";"0";"0";"0"
"67614";"http://export-content.baz-on.ru/pub/c2226/productphoto/0003/21/0003_21_955.jpg, http://export-content.baz-on.ru/pub/c2226/productphoto/0003/21/0003_21_956.jpg, http://export-content.baz-on.ru/pub/c2226/productphoto/0003/21/0003_21_957.jpg";"1000";"суппорт";"45019TF2J00";"2000";"Контракт";"Контрактный, без пробега по РФ. Фото соответствуют товару.";"Honda";"Fit";"2";"";"GE7";"L13A";"2011";"Перед.";"Лев.";"192";"0";"";"Honda";"";"";"01-03-02-02-07";"1";"0";"0";"0";"0";"0"
"103217";"http://export-content.baz-on.ru/pub/c2226/productphoto/0005/36/0005_36_678.jpg, http://export-content.baz-on.ru/pub/c2226/productphoto/0005/36/0005_36_679.jpg, http://export-content.baz-on.ru/pub/c2226/productphoto/0005/36/0005_36_680.jpg, http://export-content.baz-on.ru/pub/c2226/productphoto/0005/36/0005_36_681.jpg, http://export-content.baz-on.ru/pub/c2226/productphoto/0005/36/0005_36_682.jpg, http://export-content.baz-on.ru/pub/c2226/productphoto/0005/36/0005_36_683.jpg";"";"суппорт";"1682876";"800";"Контракт";"Контракт. Без пробега по РФ";"Ford";"Focus";"3";"дорест. 2010—2015";"CB8";"MGDA";"2013";"Перед.";"Лев.";"362 (9322)";"0";"";"Ford";"";"";"01-03-02-01-03";"1";"0";"0";"0";"0";"0"
"98165";"http://export-content.baz-on.ru/pub/c2226/productphoto/0005/07/0005_07_755.jpg, http://export-content.baz-on.ru/pub/c2226/productphoto/0005/07/0005_07_756.jpg, http://export-content.baz-on.ru/pub/c2226/productphoto/0005/07/0005_07_757.jpg";"";"суппорт";"26692FE021";"2500";"Контракт";"Пробег по Японии 81898 км.
Контракт, без пробега по РФ";"Subaru";"Forester";"2";"1 рест. 2005—2008";"SG5";"EJ203";"2007";"Задн.";"Прав.";"321";"0";"";"Subaru";"";"";"01-03-02-02-03";"1";"0";"0";"0";"0";"0"
"97937";"http://export-content.baz-on.ru/pub/c2226/productphoto/0005/05/0005_05_517.jpg, http://export-content.baz-on.ru/pub/c2226/productphoto/0005/05/0005_05_518.jpg, http://export-content.baz-on.ru/pub/c2226/productphoto/0005/05/0005_05_519.jpg, http://export-content.baz-on.ru/pub/c2226/productphoto/0005/05/0005_05_520.jpg, http://export-content.baz-on.ru/pub/c2226/productphoto/0005/05/0005_05_521.jpg, http://export-content.baz-on.ru/pub/c2226/productphoto/0005/05/0005_05_522.jpg";"х";"суппорт";"26292FE011";"2500";"Контракт";"Пробег по Японии 81898 км.
Контракт, без пробега по РФ";"Subaru";"Forester";"2";"1 рест. 2005—2008";"SG5";"EJ203";"2007";"Перед.";"Лев.";"321";"0";"";"Subaru";"";"";"01-03-02-01-05";"1";"0";"0";"0";"0";"0"
"97817";"http://export-content.baz-on.ru/pub/c2226/productphoto/0005/04/0005_04_838.jpg, http://export-content.baz-on.ru/pub/c2226/productphoto/0005/04/0005_04_839.jpg, http://export-content.baz-on.ru/pub/c2226/productphoto/0005/04/0005_04_840.jpg, http://export-content.baz-on.ru/pub/c2226/productphoto/0005/04/0005_04_841.jpg, http://export-content.baz-on.ru/pub/c2226/productphoto/0005/04/0005_04_842.jpg";"х";"суппорт";"26292FE001";"2000";"Контракт";"Контракт, без пробега по РФ";"Subaru";"Forester";"2";"1 рест. 2005—2008";"SG5";"EJ203";"2007";"Перед.";"Прав.";"321";"0";"";"Subaru";"";"";"01-03-02-01-05";"1";"0";"0";"0";"0";"0"
"97710";"http://export-content.baz-on.ru/pub/c2226/productphoto/0005/04/0005_04_154.jpg, http://export-content.baz-on.ru/pub/c2226/productphoto/0005/04/0005_04_155.jpg, http://export-content.baz-on.ru/pub/c2226/productphoto/0005/04/0005_04_156.jpg, http://export-content.baz-on.ru/pub/c2226/productphoto/0005/04/0005_04_157.jpg, http://export-content.baz-on.ru/pub/c2226/productphoto/0005/04/0005_04_158.jpg, http://export-content.baz-on.ru/pub/c2226/productphoto/0005/04/0005_04_159.jpg, http://export-content.baz-on.ru/pub/c2226/productphoto/0005/04/0005_04_160.jpg";"х";"суппорт";"26692FE031";"950";"Контракт";"Контракт, без пробега по РФ";"Subaru";"Forester";"2";"1 рест. 2005—2008";"SG5";"EJ203";"2007";"Задн.";"Лев.";"321";"0";"";"Subaru";"26692FE030";"";"01-03-02-01-05";"1";"0";"0";"0";"0";"0"
"98738";"http://export-content.baz-on.ru/pub/c2226/productphoto/0005/10/0005_10_075.jpg, http://export-content.baz-on.ru/pub/c2226/productphoto/0005/10/0005_10_076.jpg, http://export-content.baz-on.ru/pub/c2226/productphoto/0005/10/0005_10_077.jpg, http://export-content.baz-on.ru/pub/c2226/productphoto/0005/10/0005_10_078.jpg, http://export-content.baz-on.ru/pub/c2226/productphoto/0005/10/0005_10_079.jpg, http://export-content.baz-on.ru/pub/c2226/productphoto/0005/10/0005_10_080.jpg, http://export-content.baz-on.ru/pub/c2226/productphoto/0005/10/0005_10_081.jpg, http://export-content.baz-on.ru/pub/c2226/productphoto/0005/10/0005_10_082.jpg";"";"суппорт";"45018T5C010";"2500";"Контракт";"Пробег по Японии 38809 км.
Контракт, без пробега по РФ";"Honda";"Freed";"2";"дорест. 2016—2019";"GB5";"L15B";"2017";"Перед.";"Прав.";"312";"0";"";"Honda";"";"17CLT5C";"01-03-02-02-04";"1";"0";"0";"0";"0";"0"
"97997";"http://export-content.baz-on.ru/pub/c2226/productphoto/0005/05/0005_05_822.jpg, http://export-content.baz-on.ru/pub/c2226/productphoto/0005/05/0005_05_823.jpg, http://export-content.baz-on.ru/pub/c2226/productphoto/0005/05/0005_05_824.jpg, http://export-content.baz-on.ru/pub/c2226/productphoto/0005/05/0005_05_825.jpg, http://export-content.baz-on.ru/pub/c2226/productphoto/0005/05/0005_05_826.jpg, http://export-content.baz-on.ru/pub/c2226/productphoto/0005/05/0005_05_827.jpg, http://export-content.baz-on.ru/pub/c2226/productphoto/0005/05/0005_05_828.jpg, http://export-content.baz-on.ru/pub/c2226/productphoto/0005/05/0005_05_829.jpg";"x";"суппорт";"";"2000";"Контракт";"Пробег по Японии 38809 км.
Контракт, без пробега по РФ";"Honda";"Freed";"2";"дорест. 2016—2019";"GB5";"L15B";"2017";"Перед.";"Лев.";"312";"0";"";"Honda";"";"17CLT5C";"01-03-02-01-04";"1";"0";"0";"0";"0";"0"
"97968";"http://export-content.baz-on.ru/pub/c2226/productphoto/0005/05/0005_05_685.jpg, http://export-content.baz-on.ru/pub/c2226/productphoto/0005/05/0005_05_686.jpg, http://export-content.baz-on.ru/pub/c2226/productphoto/0005/05/0005_05_687.jpg, http://export-content.baz-on.ru/pub/c2226/productphoto/0005/05/0005_05_688.jpg, http://export-content.baz-on.ru/pub/c2226/productphoto/0005/05/0005_05_689.jpg, http://export-content.baz-on.ru/pub/c2226/productphoto/0005/05/0005_05_690.jpg, http://export-content.baz-on.ru/pub/c2226/productphoto/0005/05/0005_05_691.jpg, http://export-content.baz-on.ru/pub/c2226/productphoto/0005/05/0005_05_692.jpg";"х";"суппорт";"4773033120";"3800";"Контракт";"Пробег по Японии 113675 км.
Контракт, без пробега по РФ";"Toyota";"Gaia";"1";"1 рест. 2001—2004";"ACM10";"1AZFSE";"2002";"Перед.";"Прав.";"329";"0";"";"Toyota";"";"6017";"01-03-02-01-05";"1";"0";"0";"0";"0";"0"
"97707";"http://export-content.baz-on.ru/pub/c2226/productphoto/0005/04/0005_04_141.jpg, http://export-content.baz-on.ru/pub/c2226/productphoto/0005/04/0005_04_142.jpg, http://export-content.baz-on.ru/pub/c2226/productphoto/0005/04/0005_04_143.jpg, http://export-content.baz-on.ru/pub/c2226/productphoto/0005/04/0005_04_144.jpg, http://export-content.baz-on.ru/pub/c2226/productphoto/0005/04/0005_04_145.jpg, http://export-content.baz-on.ru/pub/c2226/productphoto/0005/04/0005_04_146.jpg";"х";"суппорт";"4775033120";"3400";"Контракт";"Контракт, без пробега по РФ";"Toyota";"Gaia";"1";"1 рест. 2001—2004";"ACM10";"1AZFSE";"2002";"Перед.";"Лев.";"329";"0";"";"Toyota";"";"";"01-03-02-01-05";"1";"0";"0";"0";"0";"0"
"106236";"http://export-content.baz-on.ru/pub/c2226/productphoto/0005/58/0005_58_388.jpg, http://export-content.baz-on.ru/pub/c2226/productphoto/0005/58/0005_58_389.jpg, http://export-content.baz-on.ru/pub/c2226/productphoto/0005/58/0005_58_390.jpg, http://export-content.baz-on.ru/pub/c2226/productphoto/0005/58/0005_58_391.jpg, http://export-content.baz-on.ru/pub/c2226/productphoto/0005/58/0005_58_392.jpg, http://export-content.baz-on.ru/pub/c2226/productphoto/0005/58/0005_58_393.jpg, http://export-content.baz-on.ru/pub/c2226/productphoto/0005/58/0005_58_394.jpg";"";"суппорт";"4605A257";"1200";"Контракт";"Контракт, без пробега по РФ.";"Mitsubishi";"Galant Fortis";"1";"дорест. 2007—2015";"CY4A";"4B11";"2008";"Перед.";"Лев.";"369 (1420)";"0";"";"Mitsubishi";"";"";"01-03-02-01-06";"1";"0";"0";"0";"0";"0"
"104673";"http://export-content.baz-on.ru/pub/c2226/productphoto/0005/44/0005_44_835.jpg, http://export-content.baz-on.ru/pub/c2226/productphoto/0005/44/0005_44_836.jpg, http://export-content.baz-on.ru/pub/c2226/productphoto/0005/44/0005_44_837.jpg";"";"суппорт";"4605A258";"1150";"Контракт";"Контракт, без пробега по РФ
Комплектность как на фото";"Mitsubishi";"Galant Fortis";"1";"дорест. 2007—2015";"CY4A";"4B11";"2008";"Перед.";"Прав.";"369 (1420)";"0";"";"Mitsubishi";"";"";"01-03-02-02-02";"1";"0";"0";"0";"0";"0"
"103207";"http://export-content.baz-on.ru/pub/c2226/productphoto/0005/36/0005_36_619.jpg, http://export-content.baz-on.ru/pub/c2226/productphoto/0005/36/0005_36_620.jpg, http://export-content.baz-on.ru/pub/c2226/productphoto/0005/36/0005_36_621.jpg, http://export-content.baz-on.ru/pub/c2226/productphoto/0005/36/0005_36_622.jpg, http://export-content.baz-on.ru/pub/c2226/productphoto/0005/36/0005_36_623.jpg, http://export-content.baz-on.ru/pub/c2226/productphoto/0005/36/0005_36_624.jpg, http://export-content.baz-on.ru/pub/c2226/productphoto/0005/36/0005_36_625.jpg";"";"суппорт";"4605A264";"2000";"Контракт";"Контракт. Без пробега по РФ";"Mitsubishi";"Galant Fortis";"1";"дорест. 2007—2015";"CY4A";"4B11";"2008";"Задн.";"Прав.";"369 (1420)";"0";"";"Mitsubishi";"";"";"01-03-02-01-03";"1";"0";"0";"0";"0";"0"
"97257";"http://export-content.baz-on.ru/pub/c2226/productphoto/0005/00/0005_00_608.jpg, http://export-content.baz-on.ru/pub/c2226/productphoto/0005/00/0005_00_609.jpg, http://export-content.baz-on.ru/pub/c2226/productphoto/0005/00/0005_00_610.jpg, http://export-content.baz-on.ru/pub/c2226/productphoto/0005/00/0005_00_611.jpg, http://export-content.baz-on.ru/pub/c2226/productphoto/0005/00/0005_00_612.jpg";"х";"суппорт";"4605A477";"3700";"Контракт";"Пробег по Японии: 17723";"Mitsubishi";"Galant Fortis";"1";"дорест. 2007—2015";"CY4A";"4B11";"2009";"Задн.";"Лев.";"314";"0";"";"Mitsubishi";"";"";"01-03-02-02-05";"1";"0";"0";"0";"0";"0"
"87713";"http://export-content.baz-on.ru/pub/c2226/productphoto/0004/44/0004_44_179.jpg, http://export-content.baz-on.ru/pub/c2226/productphoto/0004/44/0004_44_180.jpg, http://export-content.baz-on.ru/pub/c2226/productphoto/0004/44/0004_44_181.jpg, http://export-content.baz-on.ru/pub/c2226/productphoto/0004/44/0004_44_182.jpg";"5000";"суппорт";"55102-65D20-999";"6000";"Контракт";"Контракт. Без пробега по РФ.";"Suzuki";"Grand Escudo";"1";"";"TX92W";"H27A";"2003";"Перед.";"Лев.";"271";"0";"";"Suzuki";"";"";"01-03-02-02-03";"1";"0";"0";"0";"0";"0"
"87712";"http://export-content.baz-on.ru/pub/c2226/productphoto/0004/44/0004_44_168.jpg, http://export-content.baz-on.ru/pub/c2226/productphoto/0004/44/0004_44_169.jpg, http://export-content.baz-on.ru/pub/c2226/productphoto/0004/44/0004_44_170.jpg";"4500";"суппорт";"55101-65D20-999";"7000";"Контракт";"Контракт. Без пробега по РФ.";"Suzuki";"Grand Escudo";"1";"";"TX92W";"H27A";"2003";"Перед.";"Прав.";"271";"0";"";"Suzuki";"";"";"01-03-02-02-03";"1";"0";"0";"0";"0";"0"
"40469";"http://export-content.baz-on.ru/pub/c2226/productphoto/0001/78/0001_78_590.jpg, http://export-content.baz-on.ru/pub/c2226/productphoto/0001/78/0001_78_591.jpg, http://export-content.baz-on.ru/pub/c2226/productphoto/0001/78/0001_78_592.jpg";"4500";"суппорт";"5510265D10999";"6500";"Контракт";"Контракт, без пробега по РФ. Фото соответствуют товару.";"Suzuki";"Grand Escudo";"1";"";"TX92W";"H27A";"2002";"Перед.";"Лев.";"102";"0";"";"Suzuki";"";"";"01-03-02-01-02";"1";"0";"0";"0";"0";"0"
"40085";"http://export-content.baz-on.ru/pub/c2226/productphoto/0001/77/0001_77_190.jpg, http://export-content.baz-on.ru/pub/c2226/productphoto/0001/77/0001_77_191.jpg, http://export-content.baz-on.ru/pub/c2226/productphoto/0001/77/0001_77_192.jpg, http://export-content.baz-on.ru/pub/c2226/productphoto/0001/77/0001_77_193.jpg";"3000?";"суппорт";"5510165D10999";"6500";"Контракт";"Контракт, без пробега по РФ.";"Suzuki";"Grand Escudo";"1";"";"TX92W";"H27A";"2002";"Перед.";"Прав.";"102";"0";"";"Suzuki";"5510165D10";"";"01-03-02-01-03";"1";"0";"0";"0";"0";"0"
"60577";"http://export-content.baz-on.ru/pub/c2226/productphoto/0002/81/0002_81_356.jpg, http://export-content.baz-on.ru/pub/c2226/productphoto/0002/81/0002_81_357.jpg, http://export-content.baz-on.ru/pub/c2226/productphoto/0002/81/0002_81_358.jpg, http://export-content.baz-on.ru/pub/c2226/productphoto/0002/81/0002_81_359.jpg, http://export-content.baz-on.ru/pub/c2226/productphoto/0002/81/0002_81_360.jpg";"2000";"суппорт";"47730-26122";"2100";"Контракт";"Фото соответствует товару. Контракт, без пробега по РФ";"Toyota";"Grand Hiace";"1";"";"VCH10";"5VZFE";"2001";"Перед.";"Прав.";"182";"0";"";"Toyota";"";"";"01-03-02-01-06";"1";"0";"0";"0";"0";"0"
"58768";"http://export-content.baz-on.ru/pub/c2226/productphoto/0002/70/0002_70_736.jpg, http://export-content.baz-on.ru/pub/c2226/productphoto/0002/70/0002_70_737.jpg, http://export-content.baz-on.ru/pub/c2226/productphoto/0002/70/0002_70_738.jpg, http://export-content.baz-on.ru/pub/c2226/productphoto/0002/70/0002_70_739.jpg, http://export-content.baz-on.ru/pub/c2226/productphoto/0002/70/0002_70_740.jpg, http://export-content.baz-on.ru/pub/c2226/productphoto/0002/70/0002_70_741.jpg, http://export-content.baz-on.ru/pub/c2226/productphoto/0002/70/0002_70_742.jpg";"х";"суппорт";"4775026122";"2100";"Контракт";"Фото соответствует товару. Контракт, без пробега по РФ";"Toyota";"Grand Hiace";"1";"";"VCH10";"5VZFE";"2001";"Перед.";"Лев.";"182";"240";"";"Toyota";"";"";"01-03-02-01-05";"1";"0";"0";"0";"0";"0"
"106237";"http://export-content.baz-on.ru/pub/c2226/productphoto/0005/58/0005_58_395.jpg, http://export-content.baz-on.ru/pub/c2226/productphoto/0005/58/0005_58_396.jpg, http://export-content.baz-on.ru/pub/c2226/productphoto/0005/58/0005_58_397.jpg, http://export-content.baz-on.ru/pub/c2226/productphoto/0005/58/0005_58_398.jpg, http://export-content.baz-on.ru/pub/c2226/productphoto/0005/58/0005_58_399.jpg, http://export-content.baz-on.ru/pub/c2226/productphoto/0005/58/0005_58_400.jpg, http://export-content.baz-on.ru/pub/c2226/productphoto/0005/58/0005_58_401.jpg, http://export-content.baz-on.ru/pub/c2226/productphoto/0005/58/0005_58_402.jpg";"";"суппорт";"4775048140";"2500";"Контракт";"Контракт, без пробега по РФ.";"Toyota";"Harrier";"2";"дорест. 2003—2013";"GSU35W";"2GRFE";"2008";"Перед.";"Лев.";"379 (0706)";"0";"";"Toyota";"";"";"01-03-02-01-07";"1";"0";"0";"0";"0";"0"
"106215";"http://export-content.baz-on.ru/pub/c2226/productphoto/0005/58/0005_58_242.jpg, http://export-content.baz-on.ru/pub/c2226/productphoto/0005/58/0005_58_243.jpg, http://export-content.baz-on.ru/pub/c2226/productphoto/0005/58/0005_58_244.jpg, http://export-content.baz-on.ru/pub/c2226/productphoto/0005/58/0005_58_245.jpg, http://export-content.baz-on.ru/pub/c2226/productphoto/0005/58/0005_58_246.jpg, http://export-content.baz-on.ru/pub/c2226/productphoto/0005/58/0005_58_247.jpg, http://export-content.baz-on.ru/pub/c2226/productphoto/0005/58/0005_58_248.jpg, http://export-content.baz-on.ru/pub/c2226/productphoto/0005/58/0005_58_249.jpg, http://export-content.baz-on.ru/pub/c2226/productphoto/0005/58/0005_58_250.jpg, http://export-content.baz-on.ru/pub/c2226/productphoto/0005/58/0005_58_251.jpg";"";"суппорт";"4773048140";"3300";"Контракт";"Контракт, без пробега по РФ.";"Toyota";"Harrier";"2";"дорест. 2003—2013";"GSU35W";"2GRFE";"2008";"Перед.";"Прав.";"379 (0706)";"0";"";"Toyota";"";"";"01-03-02-01-06";"1";"0";"0";"0";"0";"0"
"106211";"http://export-content.baz-on.ru/pub/c2226/productphoto/0005/58/0005_58_209.jpg, http://export-content.baz-on.ru/pub/c2226/productphoto/0005/58/0005_58_210.jpg, http://export-content.baz-on.ru/pub/c2226/productphoto/0005/58/0005_58_211.jpg, http://export-content.baz-on.ru/pub/c2226/productphoto/0005/58/0005_58_212.jpg, http://export-content.baz-on.ru/pub/c2226/productphoto/0005/58/0005_58_213.jpg, http://export-content.baz-on.ru/pub/c2226/productphoto/0005/58/0005_58_214.jpg, http://export-content.baz-on.ru/pub/c2226/productphoto/0005/58/0005_58_215.jpg, http://export-content.baz-on.ru/pub/c2226/productphoto/0005/58/0005_58_216.jpg, http://export-content.baz-on.ru/pub/c2226/productphoto/0005/58/0005_58_217.jpg";"";"суппорт";"4773048140";"3300";"Контракт";"Контракт, без пробега по РФ.";"Toyota";"Harrier";"2";"дорест. 2003—2013";"GSU35";"2GRFE";"2008";"Перед.";"Прав.";"380 (6743)";"0";"";"Toyota";"";"";"01-03-02-01-07";"1";"0";"0";"0";"0";"0"
"106210";"http://export-content.baz-on.ru/pub/c2226/productphoto/0005/58/0005_58_201.jpg, http://export-content.baz-on.ru/pub/c2226/productphoto/0005/58/0005_58_202.jpg, http://export-content.baz-on.ru/pub/c2226/productphoto/0005/58/0005_58_203.jpg, http://export-content.baz-on.ru/pub/c2226/productphoto/0005/58/0005_58_204.jpg, http://export-content.baz-on.ru/pub/c2226/productphoto/0005/58/0005_58_205.jpg, http://export-content.baz-on.ru/pub/c2226/productphoto/0005/58/0005_58_206.jpg, http://export-content.baz-on.ru/pub/c2226/productphoto/0005/58/0005_58_207.jpg, http://export-content.baz-on.ru/pub/c2226/productphoto/0005/58/0005_58_208.jpg";"";"суппорт";"4775048140";"2500";"Контракт";"Контракт, без пробега по РФ.";"Toyota";"Harrier";"2";"дорест. 2003—2013";"GSU35";"2GRFE";"2008";"Перед.";"Лев.";"380 (6743)";"0";"";"Toyota";"";"";"01-03-02-01-07";"1";"0";"0";"0";"0";"0"
"104309";"http://export-content.baz-on.ru/pub/c2226/productphoto/0005/42/0005_42_924.jpg, http://export-content.baz-on.ru/pub/c2226/productphoto/0005/42/0005_42_925.jpg, http://export-content.baz-on.ru/pub/c2226/productphoto/0005/42/0005_42_926.jpg, http://export-content.baz-on.ru/pub/c2226/productphoto/0005/42/0005_42_927.jpg, http://export-content.baz-on.ru/pub/c2226/productphoto/0005/42/0005_42_928.jpg, http://export-content.baz-on.ru/pub/c2226/productphoto/0005/42/0005_42_929.jpg, http://export-content.baz-on.ru/pub/c2226/productphoto/0005/42/0005_42_930.jpg";"";"суппорт";"4785048050";"6000";"Контракт";"Контракт, без пробега по РФ";"Toyota";"Harrier";"2";"дорест. 2003—2013";"GSU36";"2GRFE";"2006";"Задн.";"Лев.";"359";"0";"";"Toyota";"";"";"01-03-02-01-05";"1";"0";"0";"0";"0";"0"
"104308";"http://export-content.baz-on.ru/pub/c2226/productphoto/0005/42/0005_42_918.jpg, http://export-content.baz-on.ru/pub/c2226/productphoto/0005/42/0005_42_919.jpg, http://export-content.baz-on.ru/pub/c2226/productphoto/0005/42/0005_42_920.jpg, http://export-content.baz-on.ru/pub/c2226/productphoto/0005/42/0005_42_921.jpg, http://export-content.baz-on.ru/pub/c2226/productphoto/0005/42/0005_42_922.jpg, http://export-content.baz-on.ru/pub/c2226/productphoto/0005/42/0005_42_923.jpg";"";"суппорт";"4783048050";"6000";"Контракт";"Контракт, без пробега по РФ";"Toyota";"Harrier";"2";"дорест. 2003—2013";"GSU36";"2GRFE";"2006";"Задн.";"Прав.";"359";"0";"";"Toyota";"";"";"01-03-02-02-05";"1";"0";"0";"0";"0";"0"
"101478";"http://export-content.baz-on.ru/pub/c2226/productphoto/0005/26/0005_26_870.jpg, http://export-content.baz-on.ru/pub/c2226/productphoto/0005/26/0005_26_871.jpg, http://export-content.baz-on.ru/pub/c2226/productphoto/0005/26/0005_26_872.jpg, http://export-content.baz-on.ru/pub/c2226/productphoto/0005/26/0005_26_873.jpg, http://export-content.baz-on.ru/pub/c2226/productphoto/0005/26/0005_26_874.jpg, http://export-content.baz-on.ru/pub/c2226/productphoto/0005/26/0005_26_875.jpg, http://export-content.baz-on.ru/pub/c2226/productphoto/0005/26/0005_26_876.jpg, http://export-content.baz-on.ru/pub/c2226/productphoto/0005/26/0005_26_877.jpg";"";"суппорт";"4775048140";"2500";"Контракт";"Контракт, без пробега по РФ";"Toyota";"Harrier";"2";"дорест. 2003—2013";"GSU36";"2GRFE";"2006";"Перед.";"Лев.";"359";"0";"";"Toyota";"";"";"01-03-02-01-06";"1";"0";"0";"0";"0";"0"
"64054";"http://export-content.baz-on.ru/pub/c2226/productphoto/0002/99/0002_99_825.jpg, http://export-content.baz-on.ru/pub/c2226/productphoto/0002/99/0002_99_826.jpg, http://export-content.baz-on.ru/pub/c2226/productphoto/0002/99/0002_99_827.jpg, http://export-content.baz-on.ru/pub/c2226/productphoto/0002/99/0002_99_828.jpg, http://export-content.baz-on.ru/pub/c2226/productphoto/0002/99/0002_99_829.jpg, http://export-content.baz-on.ru/pub/c2226/productphoto/0002/99/0002_99_830.jpg, http://export-content.baz-on.ru/pub/c2226/productphoto/0002/99/0002_99_831.jpg";"х";"суппорт";"4773048011";"7500";"Контракт";"Фото соответствуют товару. Контрактный, без пробега по РФ.";"Toyota";"Harrier";"1";"";"ACU15";"2AZFE";"2002";"Перед.";"Прав.";"158";"0";"";"Toyota";"";"60-17";"01-03-02-02-04";"1";"0";"0";"0";"0";"0"
"64052";"http://export-content.baz-on.ru/pub/c2226/productphoto/0002/99/0002_99_814.jpg, http://export-content.baz-on.ru/pub/c2226/productphoto/0002/99/0002_99_815.jpg, http://export-content.baz-on.ru/pub/c2226/productphoto/0002/99/0002_99_816.jpg, http://export-content.baz-on.ru/pub/c2226/productphoto/0002/99/0002_99_817.jpg, http://export-content.baz-on.ru/pub/c2226/productphoto/0002/99/0002_99_818.jpg, http://export-content.baz-on.ru/pub/c2226/productphoto/0002/99/0002_99_819.jpg, http://export-content.baz-on.ru/pub/c2226/productphoto/0002/99/0002_99_820.jpg";"5000";"суппорт";"4775048011";"6700";"Контракт";"Фото соответствуют товару. Контрактный, без пробега по РФ.";"Toyota";"Harrier";"1";"";"ACU15";"2AZFE";"2002";"Перед.";"Лев.";"158";"0";"";"Toyota";"";"60-17";"01-03-02-02-04";"1";"0";"0";"0";"0";"0"
"58672";"http://export-content.baz-on.ru/pub/c2226/productphoto/0002/70/0002_70_172.jpg, http://export-content.baz-on.ru/pub/c2226/productphoto/0002/70/0002_70_173.jpg, http://export-content.baz-on.ru/pub/c2226/productphoto/0002/70/0002_70_174.jpg, http://export-content.baz-on.ru/pub/c2226/productphoto/0002/70/0002_70_175.jpg, http://export-content.baz-on.ru/pub/c2226/productphoto/0002/70/0002_70_176.jpg, http://export-content.baz-on.ru/pub/c2226/productphoto/0002/70/0002_70_177.jpg, http://export-content.baz-on.ru/pub/c2226/productphoto/0002/70/0002_70_178.jpg, http://export-content.baz-on.ru/pub/c2226/productphoto/0002/70/0002_70_179.jpg, http://export-content.baz-on.ru/pub/c2226/productphoto/0002/70/0002_70_180.jpg, http://export-content.baz-on.ru/pub/c2226/productphoto/0002/70/0002_70_181.jpg";"2050";"суппорт";"4775048140";"2500";"Контракт";"Фото соответствует товару. Контракт. Пробег по Японии 111 196, без пробега по РФ";"Toyota";"Harrier";"2";"";"ACU30W";"2AZFE";"2010";"Перед.";"Лев.";"183";"0";"";"Toyota";"";"6408";"01-03-02-01-05";"1";"0";"0";"0";"0";"0"
"49175";"http://export-content.baz-on.ru/pub/c2226/productphoto/0002/16/0002_16_794.jpg, http://export-content.baz-on.ru/pub/c2226/productphoto/0002/16/0002_16_795.jpg, http://export-content.baz-on.ru/pub/c2226/productphoto/0002/16/0002_16_796.jpg";"5000";"суппорт";"47750-48011";"6500";"Контракт";"Фото соответствует товару. Контракт, без пробега по РФ";"Toyota";"Harrier";"1";"";"ACU10";"2AZFE";"2001";"Перед.";"Лев.";"136";"0";"";"Toyota";"";"";"01-03-02-01-06";"1";"0";"0";"0";"0";"0"
"106383";"http://export-content.baz-on.ru/pub/c2226/productphoto/0005/59/0005_59_301.jpg, http://export-content.baz-on.ru/pub/c2226/productphoto/0005/59/0005_59_302.jpg, http://export-content.baz-on.ru/pub/c2226/productphoto/0005/59/0005_59_303.jpg";"";"суппорт";"45018SS0A00";"1800";"Контракт";"Контракт, без пробега по РФ.";"Honda";"HR-V";"1";"1 рест. 2001—2007";"GH3";"D16A";"2002";"Перед.";"Прав.";"363 (6361)";"0";"";"Honda";"";"";"01-03-02-01-07";"1";"0";"0";"0";"0";"0"
"106216";"http://export-content.baz-on.ru/pub/c2226/productphoto/0005/58/0005_58_252.jpg, http://export-content.baz-on.ru/pub/c2226/productphoto/0005/58/0005_58_253.jpg, http://export-content.baz-on.ru/pub/c2226/productphoto/0005/58/0005_58_254.jpg, http://export-content.baz-on.ru/pub/c2226/productphoto/0005/58/0005_58_255.jpg, http://export-content.baz-on.ru/pub/c2226/productphoto/0005/58/0005_58_256.jpg, http://export-content.baz-on.ru/pub/c2226/productphoto/0005/58/0005_58_257.jpg, http://export-content.baz-on.ru/pub/c2226/productphoto/0005/58/0005_58_258.jpg";"";"суппорт";"45019SS0A00";"4800";"Контракт";"Контракт, без пробега по РФ.";"Honda";"HR-V";"1";"1 рест. 2001—2007";"GH3";"D16A";"2002";"Перед.";"Лев.";"363 (6361)";"0";"";"Honda";"";"";"01-03-02-01-07";"1";"0";"0";"0";"0";"0"
"103247";"http://export-content.baz-on.ru/pub/c2226/productphoto/0005/36/0005_36_864.jpg, http://export-content.baz-on.ru/pub/c2226/productphoto/0005/36/0005_36_865.jpg, http://export-content.baz-on.ru/pub/c2226/productphoto/0005/36/0005_36_866.jpg, http://export-content.baz-on.ru/pub/c2226/productphoto/0005/36/0005_36_867.jpg";"";"суппорт";"45019SS0A00";"4800";"Контракт";"Контракт, без пробега по РФ.";"Honda";"HR-V";"1";"1 рест. 2001—2007";"GH4";"D16A";"2004";"Перед.";"Лев.";"364 (0664)";"0";"";"Honda";"";"";"01-03-02-01-03";"1";"0";"0";"0";"0";"0"
"82821";"http://export-content.baz-on.ru/pub/c2226/productphoto/0004/17/0004_17_580.jpg, http://export-content.baz-on.ru/pub/c2226/productphoto/0004/17/0004_17_581.jpg, http://export-content.baz-on.ru/pub/c2226/productphoto/0004/17/0004_17_582.jpg, http://export-content.baz-on.ru/pub/c2226/productphoto/0004/17/0004_17_583.jpg, http://export-content.baz-on.ru/pub/c2226/productphoto/0004/17/0004_17_584.jpg, http://export-content.baz-on.ru/pub/c2226/productphoto/0004/17/0004_17_585.jpg";"4500";"суппорт";"45018SM4A00";"5000";"Контракт";"Контракт. Без пробега по РФ.";"Honda";"HR-V";"1";"";"GH4";"D16A";"2002";"Перед.";"Прав.";"289";"0";"";"Honda";"";"17CL15VN";"01-03-02-02-03";"1";"0";"0";"0";"0";"0"
"106347";"http://export-content.baz-on.ru/pub/c2226/productphoto/0005/59/0005_59_174.jpg, http://export-content.baz-on.ru/pub/c2226/productphoto/0005/59/0005_59_175.jpg, http://export-content.baz-on.ru/pub/c2226/productphoto/0005/59/0005_59_176.jpg";"";"суппорт";"45018S87A02";"500";"Контракт";"Контракт, без пробега по РФ.";"Honda";"Inspire";"3";"дорест. 1998—2001";"UA4";"J25A";"1998";"Перед.";"Прав.";"365 (0230)";"0";"";"Honda";"";"";"01-03-02-01-06";"1";"0";"0";"0";"0";"0"
"104699";"http://export-content.baz-on.ru/pub/c2226/productphoto/0005/44/0005_44_966.jpg, http://export-content.baz-on.ru/pub/c2226/productphoto/0005/44/0005_44_967.jpg, http://export-content.baz-on.ru/pub/c2226/productphoto/0005/44/0005_44_968.jpg, http://export-content.baz-on.ru/pub/c2226/productphoto/0005/44/0005_44_969.jpg, http://export-content.baz-on.ru/pub/c2226/productphoto/0005/44/0005_44_970.jpg, http://export-content.baz-on.ru/pub/c2226/productphoto/0005/44/0005_44_971.jpg, http://export-content.baz-on.ru/pub/c2226/productphoto/0005/44/0005_44_972.jpg, http://export-content.baz-on.ru/pub/c2226/productphoto/0005/44/0005_44_973.jpg, http://export-content.baz-on.ru/pub/c2226/productphoto/0005/44/0005_44_974.jpg, http://export-content.baz-on.ru/pub/c2226/productphoto/0005/44/0005_44_975.jpg";"";"суппорт";"45019S87A02";"1000";"Контракт";"Контракт, без пробега по РФ";"Honda";"Inspire";"3";"дорест. 1998—2001";"UA4";"J25A";"1998";"Перед.";"Лев.";"365 (0230)";"0";"";"Honda";"";"";"";"1";"0";"0";"0";"0";"0"
"104368";"http://export-content.baz-on.ru/pub/c2226/productphoto/0005/43/0005_43_303.jpg, http://export-content.baz-on.ru/pub/c2226/productphoto/0005/43/0005_43_304.jpg, http://export-content.baz-on.ru/pub/c2226/productphoto/0005/43/0005_43_305.jpg";"";"суппорт";"43019S0KA01";"2000";"Контракт";"Контракт. Без пробега по РФ";"Honda";"Inspire";"3";"дорест. 1998—2001";"UA4";"J25A";"1998";"Задн.";"Лев.";"365 (0230)";"0";"";"Honda";"";"";"01-03-02-02-05";"1";"0";"0";"0";"0";"0"
"73718";"http://export-content.baz-on.ru/pub/c2226/productphoto/0003/57/0003_57_334.jpg, http://export-content.baz-on.ru/pub/c2226/productphoto/0003/57/0003_57_335.jpg, http://export-content.baz-on.ru/pub/c2226/productphoto/0003/57/0003_57_336.jpg, http://export-content.baz-on.ru/pub/c2226/productphoto/0003/57/0003_57_337.jpg, http://export-content.baz-on.ru/pub/c2226/productphoto/0003/57/0003_57_338.jpg";"1400";"суппорт";"43019S0KA01";"2000";"Контракт";"Контракт. Без пробега по РФ";"Honda";"Inspire";"3";"";"UA4";"J25A";"2000";"Задн.";"Лев.";"217";"0";"";"Honda";"";"";"01-03-02-01-02";"1";"0";"0";"0";"0";"0"
"63985";"http://export-content.baz-on.ru/pub/c2226/productphoto/0002/99/0002_99_499.jpg, http://export-content.baz-on.ru/pub/c2226/productphoto/0002/99/0002_99_500.jpg, http://export-content.baz-on.ru/pub/c2226/productphoto/0002/99/0002_99_501.jpg, http://export-content.baz-on.ru/pub/c2226/productphoto/0002/99/0002_99_502.jpg, http://export-content.baz-on.ru/pub/c2226/productphoto/0002/99/0002_99_503.jpg";"1400";"суппорт";"43019S0KA01";"2000";"Контракт";"Пробег по Японии 79 тыс. Фото соответствует товару. Контракт, без пробега по РФ";"Honda";"Inspire";"3";"";"UA4";"J25A";"2003";"Задн.";"Лев.";"146";"0";"";"Honda";"";"43019-S0K-A01";"01-03-02-01-07";"1";"0";"0";"0";"0";"0"
"63593";"http://export-content.baz-on.ru/pub/c2226/productphoto/0002/97/0002_97_426.jpg, http://export-content.baz-on.ru/pub/c2226/productphoto/0002/97/0002_97_427.jpg, http://export-content.baz-on.ru/pub/c2226/productphoto/0002/97/0002_97_428.jpg, http://export-content.baz-on.ru/pub/c2226/productphoto/0002/97/0002_97_429.jpg, http://export-content.baz-on.ru/pub/c2226/productphoto/0002/97/0002_97_430.jpg, http://export-content.baz-on.ru/pub/c2226/productphoto/0002/97/0002_97_431.jpg, http://export-content.baz-on.ru/pub/c2226/productphoto/0002/97/0002_97_432.jpg, http://export-content.baz-on.ru/pub/c2226/productphoto/0002/97/0002_97_433.jpg";"400";"суппорт";"45018S87A02";"500";"Контракт";"Фото соответствуют товару. Контрактный, без пробега по РФ.";"Honda";"Inspire";"3";"";"UA4";"J25A";"2003";"Перед.";"Прав.";"146";"0";"";"Honda";"";"";"01-03-02-02-03";"1";"0";"0";"0";"0";"0"
"8925";"http://export-content.baz-on.ru/pub/c2226/productphoto/0000/35/0000_35_157.jpg, http://export-content.baz-on.ru/pub/c2226/productphoto/0000/35/0000_35_158.jpg, http://export-content.baz-on.ru/pub/c2226/productphoto/0000/35/0000_35_159.jpg";"1400";"суппорт";"43019-S0K-A01";"2000";"Контракт";"задний L";"Honda";"Inspire,Saber";"3";"";"UA4,UA5";"J25A,J32A";"";"Задн.";"Лев.";"";"0";"";"Honda";"43019-SCV-A00, 43019-SCV-A01, 43019SEPA00, 43019S0KA01, 43019SCVA00, 43019SCVA01, 108052, 108149, 108233";"43019-S0K-A01";"01-03-02-02-06";"1";"0";"0";"0";"0";"0"
"106239";"http://export-content.baz-on.ru/pub/c2226/productphoto/0005/58/0005_58_410.jpg, http://export-content.baz-on.ru/pub/c2226/productphoto/0005/58/0005_58_411.jpg, http://export-content.baz-on.ru/pub/c2226/productphoto/0005/58/0005_58_412.jpg, http://export-content.baz-on.ru/pub/c2226/productphoto/0005/58/0005_58_413.jpg, http://export-content.baz-on.ru/pub/c2226/productphoto/0005/58/0005_58_414.jpg, http://export-content.baz-on.ru/pub/c2226/productphoto/0005/58/0005_58_415.jpg, http://export-content.baz-on.ru/pub/c2226/productphoto/0005/58/0005_58_416.jpg, http://export-content.baz-on.ru/pub/c2226/productphoto/0005/58/0005_58_417.jpg, http://export-content.baz-on.ru/pub/c2226/productphoto/0005/58/0005_58_418.jpg";"";"суппорт";"4773044020";"3400";"Контракт";"Контракт, без пробега по РФ.";"Toyota";"Ipsum";"2";"дорест. 2001—2003";"ACM21";"2AZFE";"2001";"Перед.";"Прав.";"381 (9976)";"0";"";"Toyota";"";"";"01-03-02-01-07";"1";"0";"0";"0";"0";"0"
"106213";"http://export-content.baz-on.ru/pub/c2226/productphoto/0005/58/0005_58_226.jpg, http://export-content.baz-on.ru/pub/c2226/productphoto/0005/58/0005_58_227.jpg, http://export-content.baz-on.ru/pub/c2226/productphoto/0005/58/0005_58_228.jpg, http://export-content.baz-on.ru/pub/c2226/productphoto/0005/58/0005_58_229.jpg, http://export-content.baz-on.ru/pub/c2226/productphoto/0005/58/0005_58_230.jpg, http://export-content.baz-on.ru/pub/c2226/productphoto/0005/58/0005_58_231.jpg, http://export-content.baz-on.ru/pub/c2226/productphoto/0005/58/0005_58_232.jpg, http://export-content.baz-on.ru/pub/c2226/productphoto/0005/58/0005_58_233.jpg";"";"суппорт";"4775044020";"3500";"Контракт";"Контракт, без пробега по РФ.";"Toyota";"Ipsum";"2";"дорест. 2001—2003";"ACM21";"2AZFE";"2001";"Перед.";"Лев.";"381 (9976)";"0";"";"Toyota";"";"";"01-03-02-01-06";"1";"0";"0";"0";"0";"0"
"104560";"http://export-content.baz-on.ru/pub/c2226/productphoto/0005/44/0005_44_247.jpg, http://export-content.baz-on.ru/pub/c2226/productphoto/0005/44/0005_44_248.jpg, http://export-content.baz-on.ru/pub/c2226/productphoto/0005/44/0005_44_249.jpg";"";"суппорт";"4773044030";"700";"Контракт";"Контракт, без пробега по РФ
Комплектность как на фото";"Toyota";"Ipsum";"2";"дорест. 2001—2003";"ACM21";"2AZFE";"2001";"Задн.";"Прав.";"360";"0";"";"Toyota";"";"";"01-03-02-02-05";"1";"0";"0";"0";"0";"0"
"104557";"http://export-content.baz-on.ru/pub/c2226/productphoto/0005/44/0005_44_234.jpg, http://export-content.baz-on.ru/pub/c2226/productphoto/0005/44/0005_44_235.jpg, http://export-content.baz-on.ru/pub/c2226/productphoto/0005/44/0005_44_236.jpg";"";"суппорт";"4775044030";"750";"Контракт";"Контракт, без пробега по РФ
Комплектность как на фото";"Toyota";"Ipsum";"2";"дорест. 2001—2003";"ACM21";"2AZFE";"2001";"Задн.";"Лев.";"360";"0";"";"Toyota";"";"";"01-03-02-02-05";"1";"0";"0";"0";"0";"0"
"101485";"http://export-content.baz-on.ru/pub/c2226/productphoto/0005/26/0005_26_906.jpg, http://export-content.baz-on.ru/pub/c2226/productphoto/0005/26/0005_26_907.jpg, http://export-content.baz-on.ru/pub/c2226/productphoto/0005/26/0005_26_908.jpg";"";"суппорт";"4775044020";"3500";"Контракт";"Контракт, без пробега по РФ.";"Toyota";"Ipsum";"2";"дорест. 2001—2003";"ACM21";"2AZFE";"2001";"Перед.";"Лев.";"360";"0";"";"Toyota";"";"";"01-03-02-01-03";"1";"0";"0";"0";"0";"0"
"101483";"http://export-content.baz-on.ru/pub/c2226/productphoto/0005/26/0005_26_899.jpg, http://export-content.baz-on.ru/pub/c2226/productphoto/0005/26/0005_26_900.jpg, http://export-content.baz-on.ru/pub/c2226/productphoto/0005/26/0005_26_901.jpg, http://export-content.baz-on.ru/pub/c2226/productphoto/0005/26/0005_26_902.jpg";"";"суппорт";"4773044020";"3400";"Контракт";"Контракт, без пробега по РФ.";"Toyota";"Ipsum";"2";"дорест. 2001—2003";"ACM21";"2AZFE";"2001";"Перед.";"Прав.";"360";"0";"";"Toyota";"";"";"01-03-02-01-03";"1";"0";"0";"0";"0";"0"
"87144";"http://export-content.baz-on.ru/pub/c2226/productphoto/0004/41/0004_41_766.jpg, http://export-content.baz-on.ru/pub/c2226/productphoto/0004/41/0004_41_767.jpg, http://export-content.baz-on.ru/pub/c2226/productphoto/0004/41/0004_41_768.jpg, http://export-content.baz-on.ru/pub/c2226/productphoto/0004/41/0004_41_769.jpg";"1000";"суппорт";"4773044030";"700";"Контракт";"Контракт. Без пробега по РФ.";"Toyota";"Ipsum";"2";"";"ACM26";"2AZFE";"2007";"Задн.";"Прав.";"279";"0";"";"Toyota";"";"";"01-03-02-01-03";"1";"0";"0";"0";"0";"0"
"40057";"http://export-content.baz-on.ru/pub/c2226/productphoto/0001/77/0001_77_206.jpg, http://export-content.baz-on.ru/pub/c2226/productphoto/0001/77/0001_77_207.jpg, http://export-content.baz-on.ru/pub/c2226/productphoto/0001/77/0001_77_208.jpg, http://export-content.baz-on.ru/pub/c2226/productphoto/0001/77/0001_77_209.jpg";"300";"суппорт";"41001-EN00B";"600";"Контракт";"Контракт, без пробега по РФ. Пробег по Японии 51 тыс.км.";"Nissan";"Juke";"1";"";"YF15";"HR15DE";"2010";"Перед.";"Прав.";"100";"0";"";"Nissan";"";"";"01-03-02-01-04";"1";"0";"0";"0";"0";"0"
"106353";"http://export-content.baz-on.ru/pub/c2226/productphoto/0005/59/0005_59_187.jpg, http://export-content.baz-on.ru/pub/c2226/productphoto/0005/59/0005_59_188.jpg, http://export-content.baz-on.ru/pub/c2226/productphoto/0005/59/0005_59_189.jpg";"";"суппорт";"MR569126";"1000";"Контракт";"Контракт, без пробега по РФ.";"Mitsubishi";"Lancer";"9";"дорест. 2000—2007";"CS2A";"4G15";"2004";"Перед.";"Прав.";"370 (1810)";"0";"";"Mitsubishi";"";"";"01-03-02-01-07";"1";"0";"0";"0";"0";"0"
"106348";"http://export-content.baz-on.ru/pub/c2226/productphoto/0005/59/0005_59_297.jpg, http://export-content.baz-on.ru/pub/c2226/productphoto/0005/59/0005_59_298.jpg, http://export-content.baz-on.ru/pub/c2226/productphoto/0005/59/0005_59_299_v1.jpg, http://export-content.baz-on.ru/pub/c2226/productphoto/0005/59/0005_59_300.jpg";"";"суппорт";"MR569125";"800";"Контракт";"Контракт, без пробега по РФ.";"Mitsubishi";"Lancer";"9";"дорест. 2000—2007";"CS2A";"4G15";"2004";"Перед.";"Лев.";"370 (1810)";"0";"";"Mitsubishi";"";"";"01-03-02-01-07";"1";"0";"0";"0";"0";"0"
"60362";"http://export-content.baz-on.ru/pub/c2226/productphoto/0002/80/0002_80_098.jpg, http://export-content.baz-on.ru/pub/c2226/productphoto/0002/80/0002_80_099.jpg, http://export-content.baz-on.ru/pub/c2226/productphoto/0002/80/0002_80_100.jpg, http://export-content.baz-on.ru/pub/c2226/productphoto/0002/80/0002_80_101.jpg, http://export-content.baz-on.ru/pub/c2226/productphoto/0002/80/0002_80_102.jpg, http://export-content.baz-on.ru/pub/c2226/productphoto/0002/80/0002_80_103.jpg";"х";"суппорт";"26692AE030";"1800";"Контракт";"Фото соответствует товару. Контракт, без пробега по РФ";"Subaru";"Legacy";"3";"";"BHE";"EZ30D";"2002";"Задн.";"Лев.";"174";"0";"";"Subaru";"";"18-15";"01-03-02-01-06";"1";"0";"0";"0";"0";"0"
"59993";"http://export-content.baz-on.ru/pub/c2226/productphoto/0002/77/0002_77_863.jpg, http://export-content.baz-on.ru/pub/c2226/productphoto/0002/77/0002_77_864.jpg, http://export-content.baz-on.ru/pub/c2226/productphoto/0002/77/0002_77_865.jpg, http://export-content.baz-on.ru/pub/c2226/productphoto/0002/77/0002_77_866.jpg, http://export-content.baz-on.ru/pub/c2226/productphoto/0002/77/0002_77_867.jpg, http://export-content.baz-on.ru/pub/c2226/productphoto/0002/77/0002_77_868.jpg";"2850";"суппорт";"26292AE120";"3000";"Контракт";"Фото соответствует товару. Контракт, без пробега по РФ";"Subaru";"Legacy";"3";"";"BHE";"EZ30D";"2002";"Перед.";"Прав.";"174";"0";"";"Subaru";"26291AC041";"";"01-03-02-01-04";"1";"0";"0";"0";"0";"0"
"101412";"http://export-content.baz-on.ru/pub/c2226/productphoto/0005/26/0005_26_540.jpg, http://export-content.baz-on.ru/pub/c2226/productphoto/0005/26/0005_26_541.jpg, http://export-content.baz-on.ru/pub/c2226/productphoto/0005/26/0005_26_542.jpg, http://export-content.baz-on.ru/pub/c2226/productphoto/0005/26/0005_26_543.jpg, http://export-content.baz-on.ru/pub/c2226/productphoto/0005/26/0005_26_544.jpg, http://export-content.baz-on.ru/pub/c2226/productphoto/0005/26/0005_26_545.jpg, http://export-content.baz-on.ru/pub/c2226/productphoto/0005/26/0005_26_546.jpg, http://export-content.baz-on.ru/pub/c2226/productphoto/0005/26/0005_26_547.jpg, http://export-content.baz-on.ru/pub/c2226/productphoto/0005/26/0005_26_548.jpg";"";"суппорт";"26292AE020";"3000";"Контракт";"Пробег по Японии 153203 км.
Контракт, без пробега по РФ";"Subaru";"Legacy Lancaster";"2";"дорест. 1998—2001";"BHE";"EZ30D";"2000";"Перед.";"Прав.";"344";"0";"";"Subaru";"";"";"01-03-02-01-02";"1";"0";"0";"0";"0";"0"
"67613";"http://export-content.baz-on.ru/pub/c2226/productphoto/0003/21/0003_21_952.jpg, http://export-content.baz-on.ru/pub/c2226/productphoto/0003/21/0003_21_953.jpg, http://export-content.baz-on.ru/pub/c2226/productphoto/0003/21/0003_21_954.jpg";"2500";"суппорт";"MR475867";"3200";"Контракт";"Контрактный, без пробега по РФ. Фото соответствуют товару.";"Mitsubishi";"Legnum";"1";"";"EA1W";"4G93";"1999";"Перед.";"Лев.";"197";"0";"";"Mitsubishi";"";"";"01-03-02-02-07";"1";"0";"0";"0";"0";"0"
"63791";"http://export-content.baz-on.ru/pub/c2226/productphoto/0002/98/0002_98_610.jpg, http://export-content.baz-on.ru/pub/c2226/productphoto/0002/98/0002_98_611.jpg, http://export-content.baz-on.ru/pub/c2226/productphoto/0002/98/0002_98_612.jpg, http://export-content.baz-on.ru/pub/c2226/productphoto/0002/98/0002_98_613.jpg, http://export-content.baz-on.ru/pub/c2226/productphoto/0002/98/0002_98_614.jpg, http://export-content.baz-on.ru/pub/c2226/productphoto/0002/98/0002_98_615.jpg, http://export-content.baz-on.ru/pub/c2226/productphoto/0002/98/0002_98_616.jpg";"3000";"суппорт";"26692AL010";"4500";"Контракт";"Пробег по Японии 129 тыс. Фото соответствует товару. Контракт, без пробега по РФ";"Subaru";"Levorg";"1";"";"VM4";"FB16";"2015";"Задн.";"Лев.";"151";"0";"";"Subaru";"26669AL010";"";"01-03-02-02-02";"1";"0";"0";"0";"0";"0"
"86691";"http://export-content.baz-on.ru/pub/c2226/productphoto/0004/39/0004_39_455.jpg, http://export-content.baz-on.ru/pub/c2226/productphoto/0004/39/0004_39_456.jpg, http://export-content.baz-on.ru/pub/c2226/productphoto/0004/39/0004_39_457.jpg, http://export-content.baz-on.ru/pub/c2226/productphoto/0004/39/0004_39_458.jpg";"4500";"суппорт";"4775028150";"7500";"Контракт";"Контракт. Без пробега по РФ.";"Toyota";"Lite Ace Noah";"1";"";"SR50";"3SFE";"1998";"Перед.";"Лев.";"280";"0";"";"Toyota";"";"";"01-03-02-02-04";"1";"0";"0";"0";"0";"0"
"78458";"http://export-content.baz-on.ru/pub/c2226/productphoto/0003/89/0003_89_698.jpg, http://export-content.baz-on.ru/pub/c2226/productphoto/0003/89/0003_89_699.jpg, http://export-content.baz-on.ru/pub/c2226/productphoto/0003/89/0003_89_700.jpg, http://export-content.baz-on.ru/pub/c2226/productphoto/0003/89/0003_89_701.jpg, http://export-content.baz-on.ru/pub/c2226/productphoto/0003/89/0003_89_702.jpg, http://export-content.baz-on.ru/pub/c2226/productphoto/0003/89/0003_89_703.jpg, http://export-content.baz-on.ru/pub/c2226/productphoto/0003/89/0003_89_704.jpg";"5000";"суппорт";"4773028250";"6500";"Контракт";"Пробег по Японии 139880 км. Контракт, без пробега по РФ";"Toyota";"Lite Ace Noah";"1";"";"SR50G";"3SFE";"2001";"Перед.";"Прав.";"257";"0";"";"Toyota";"";"22-15";"01-03-02-01-07";"1";"0";"0";"0";"0";"0"
"87036";"http://export-content.baz-on.ru/pub/c2226/productphoto/0004/41/0004_41_355.jpg, http://export-content.baz-on.ru/pub/c2226/productphoto/0004/41/0004_41_356.jpg, http://export-content.baz-on.ru/pub/c2226/productphoto/0004/41/0004_41_357.jpg, http://export-content.baz-on.ru/pub/c2226/productphoto/0004/41/0004_41_358.jpg, http://export-content.baz-on.ru/pub/c2226/productphoto/0004/41/0004_41_359.jpg";"х";"суппорт";"4775033100";"6000";"Контракт";"Контракт. Без пробега по РФ.";"Toyota";"Mark II Wagon Qualis";"1";"";"SXV20";"5SFE";"1998";"Задн.";"Лев.";"281";"0";"";"Toyota";"";"";"01-03-02-01-03";"1";"0";"0";"0";"0";"0"
"86684";"http://export-content.baz-on.ru/pub/c2226/productphoto/0004/39/0004_39_424.jpg, http://export-content.baz-on.ru/pub/c2226/productphoto/0004/39/0004_39_425.jpg, http://export-content.baz-on.ru/pub/c2226/productphoto/0004/39/0004_39_426.jpg, http://export-content.baz-on.ru/pub/c2226/productphoto/0004/39/0004_39_427.jpg";"х";"суппорт";"4773033111";"2500";"Контракт";"Контракт. Без пробега по РФ.";"Toyota";"Mark II Wagon Qualis";"1";"";"SXV20";"5SFE";"1998";"Перед.";"Прав.";"281";"0";"";"Toyota";"";"57-28";"01-03-02-02-02";"1";"0";"0";"0";"0";"0"
"86680";"http://export-content.baz-on.ru/pub/c2226/productphoto/0004/39/0004_39_410.jpg, http://export-content.baz-on.ru/pub/c2226/productphoto/0004/39/0004_39_411.jpg, http://export-content.baz-on.ru/pub/c2226/productphoto/0004/39/0004_39_412.jpg, http://export-content.baz-on.ru/pub/c2226/productphoto/0004/39/0004_39_413.jpg";"х";"суппорт";"4775033111";"2500";"Контракт";"Контракт. Без пробега по РФ.";"Toyota";"Mark II Wagon Qualis";"1";"";"SXV20";"5SFE";"1998";"Перед.";"Лев.";"281";"0";"";"Toyota";"";"";"01-03-02-02-05";"1";"0";"0";"0";"0";"0"
"83140";"http://export-content.baz-on.ru/pub/c2226/productphoto/0004/20/0004_20_440.jpg, http://export-content.baz-on.ru/pub/c2226/productphoto/0004/20/0004_20_441.jpg, http://export-content.baz-on.ru/pub/c2226/productphoto/0004/20/0004_20_442.jpg, http://export-content.baz-on.ru/pub/c2226/productphoto/0004/20/0004_20_443.jpg, http://export-content.baz-on.ru/pub/c2226/productphoto/0004/20/0004_20_444.jpg, http://export-content.baz-on.ru/pub/c2226/productphoto/0004/20/0004_20_445.jpg";"х";"суппорт";"4773033120";"4000";"Контракт";"Контракт. Без пробега по РФ. Пробег по Японии 61 264km";"Toyota";"Mark II Wagon Qualis";"1";"";"MCV21W";"2MZFE";"2000";"Перед.";"Прав.";"306";"0";"";"Toyota";"";"6017";"01-03-02-02-03";"1";"0";"0";"0";"0";"0"
"83125";"http://export-content.baz-on.ru/pub/c2226/productphoto/0004/20/0004_20_407.jpg, http://export-content.baz-on.ru/pub/c2226/productphoto/0004/20/0004_20_408.jpg, http://export-content.baz-on.ru/pub/c2226/productphoto/0004/20/0004_20_409.jpg, http://export-content.baz-on.ru/pub/c2226/productphoto/0004/20/0004_20_410.jpg, http://export-content.baz-on.ru/pub/c2226/productphoto/0004/20/0004_20_411.jpg";"х";"суппорт";"4773033160";"6000";"Контракт";"Контракт. Без пробега по РФ. Пробег по Японии 61 264km";"Toyota";"Mark II Wagon Qualis";"1";"";"MCV21W";"2MZFE";"2000";"Задн.";"Прав.";"306";"0";"";"Toyota";"";"";"01-03-02-01-06";"1";"0";"0";"0";"0";"0"
"83088";"http://export-content.baz-on.ru/pub/c2226/productphoto/0004/20/0004_20_266.jpg, http://export-content.baz-on.ru/pub/c2226/productphoto/0004/20/0004_20_267.jpg, http://export-content.baz-on.ru/pub/c2226/productphoto/0004/20/0004_20_268.jpg, http://export-content.baz-on.ru/pub/c2226/productphoto/0004/20/0004_20_269.jpg, http://export-content.baz-on.ru/pub/c2226/productphoto/0004/20/0004_20_270.jpg, http://export-content.baz-on.ru/pub/c2226/productphoto/0004/20/0004_20_271.jpg";"х";"суппорт";"4775033120";"3500";"Контракт";"Контракт. Без пробега по РФ. Пробег по Японии 61 264km";"Toyota";"Mark II Wagon Qualis";"1";"";"MCV21W";"2MZFE";"2000";"Перед.";"Лев.";"306";"0";"";"Toyota";"";"6017";"01-03-02-02-04";"1";"0";"0";"0";"0";"0"
"82642";"http://export-content.baz-on.ru/pub/c2226/productphoto/0004/16/0004_16_744.jpg, http://export-content.baz-on.ru/pub/c2226/productphoto/0004/16/0004_16_745.jpg, http://export-content.baz-on.ru/pub/c2226/productphoto/0004/16/0004_16_746.jpg";"х";"суппорт";"4775033120";"3400";"Контракт";"Контракт. Без пробега по РФ.";"Toyota";"Mark II Wagon Qualis";"1";"";"SXV25W";"5SFE";"2001";"Перед.";"Лев.";"307";"0";"";"Toyota";"";"6017";"01-03-02-02-05";"1";"0";"0";"0";"0";"0"
"82640";"http://export-content.baz-on.ru/pub/c2226/productphoto/0004/16/0004_16_738.jpg, http://export-content.baz-on.ru/pub/c2226/productphoto/0004/16/0004_16_739.jpg, http://export-content.baz-on.ru/pub/c2226/productphoto/0004/16/0004_16_740.jpg";"3500";"суппорт";"4775033051";"5000";"Контракт";"Контракт. Без пробега по РФ.";"Toyota";"Mark II Wagon Qualis";"1";"";"SXV25W";"5SFE";"2001";"Задн.";"Лев.";"307";"0";"";"Toyota";"";"";"01-03-02-02-05";"1";"0";"0";"0";"0";"0"
"82638";"http://export-content.baz-on.ru/pub/c2226/productphoto/0004/16/0004_16_732.jpg, http://export-content.baz-on.ru/pub/c2226/productphoto/0004/16/0004_16_733.jpg, http://export-content.baz-on.ru/pub/c2226/productphoto/0004/16/0004_16_734.jpg";"х";"суппорт";"4773033051";"5000";"Контракт";"Контракт. Без пробега по РФ.";"Toyota";"Mark II Wagon Qualis";"1";"";"SXV25W";"5SFE";"2001";"Задн.";"Прав.";"307";"0";"";"Toyota";"";"";"01-03-02-02-05";"1";"0";"0";"0";"0";"0"
"60359";"http://export-content.baz-on.ru/pub/c2226/productphoto/0002/80/0002_80_082.jpg, http://export-content.baz-on.ru/pub/c2226/productphoto/0002/80/0002_80_083.jpg, http://export-content.baz-on.ru/pub/c2226/productphoto/0002/80/0002_80_084.jpg, http://export-content.baz-on.ru/pub/c2226/productphoto/0002/80/0002_80_085.jpg, http://export-content.baz-on.ru/pub/c2226/productphoto/0002/80/0002_80_086.jpg";"1200";"суппорт";"4785072010";"1550";"Контракт";"Пробег по Японии 44 тыс. Фото соответствует товару. Контракт, без пробега по РФ";"Toyota";"Mark X Zio";"1";"";"GGA10";"2GRFE";"2007";"Задн.";"Лев.";"184";"0";"";"Toyota";"";"";"01-03-02-01-06";"1";"0";"0";"0";"0";"0"
"58727";"http://export-content.baz-on.ru/pub/c2226/productphoto/0002/70/0002_70_562.jpg, http://export-content.baz-on.ru/pub/c2226/productphoto/0002/70/0002_70_563.jpg, http://export-content.baz-on.ru/pub/c2226/productphoto/0002/70/0002_70_564.jpg, http://export-content.baz-on.ru/pub/c2226/productphoto/0002/70/0002_70_565.jpg, http://export-content.baz-on.ru/pub/c2226/productphoto/0002/70/0002_70_566.jpg";"1200";"суппорт";"4783072010";"1550";"Контракт";"Пробег по Японии 44 тыс. Фото соответствует товару. Контракт, без пробега по РФ";"Toyota";"Mark X Zio";"1";"";"GGA10";"2GRFE";"2007";"Задн.";"Прав.";"184";"0";"";"Toyota";"";"";"01-03-02-01-05";"1";"0";"0";"0";"0";"0"
"60369";"http://export-content.baz-on.ru/pub/c2226/productphoto/0002/80/0002_80_138.jpg, http://export-content.baz-on.ru/pub/c2226/productphoto/0002/80/0002_80_139.jpg, http://export-content.baz-on.ru/pub/c2226/productphoto/0002/80/0002_80_140.jpg, http://export-content.baz-on.ru/pub/c2226/productphoto/0002/80/0002_80_141.jpg, http://export-content.baz-on.ru/pub/c2226/productphoto/0002/80/0002_80_142.jpg, http://export-content.baz-on.ru/pub/c2226/productphoto/0002/80/0002_80_143.jpg";"1000";"суппорт";"4773028580";"1300";"Контракт";"Пробег по Японии 116 тыс. Фото соответствует товару. Контракт, без пробега по РФ";"Toyota";"Noah";"3";"";"ZRR80G";"3ZRFAE";"2014";"Перед.";"Прав.";"185";"0";"";"Toyota";"";"63-25";"01-03-02-01-06";"1";"0";"0";"0";"0";"0"
"39648";"http://export-content.baz-on.ru/pub/c2226/productphoto/0001/75/0001_75_369.jpg, http://export-content.baz-on.ru/pub/c2226/productphoto/0001/75/0001_75_370.jpg";"2000";"суппорт";"45019-S3N-J00";"3500";"Контракт";"Контракт, без пробега по РФ.";"Honda";"Odyssey";"2";"1 рест. 2001—2003";"RA6";"F23A";"2002";"Перед.";"Лев.";"93";"0";"";"Honda";"";"17CL16VN";"01-03-02-01-06";"1";"0";"0";"0";"0";"0"
"101185";"http://export-content.baz-on.ru/pub/c2226/productphoto/0005/25/0005_25_328.jpg, http://export-content.baz-on.ru/pub/c2226/productphoto/0005/25/0005_25_329.jpg, http://export-content.baz-on.ru/pub/c2226/productphoto/0005/25/0005_25_330.jpg, http://export-content.baz-on.ru/pub/c2226/productphoto/0005/25/0005_25_331.jpg, http://export-content.baz-on.ru/pub/c2226/productphoto/0005/25/0005_25_332.jpg, http://export-content.baz-on.ru/pub/c2226/productphoto/0005/25/0005_25_333.jpg, http://export-content.baz-on.ru/pub/c2226/productphoto/0005/25/0005_25_334.jpg, http://export-content.baz-on.ru/pub/c2226/productphoto/0005/25/0005_25_335.jpg";"";"суппорт";"4775020510";"2200";"Контракт";"Контракт, без пробега по РФ";"Toyota";"Opa";"1";"дорест. 2000—2002";"ZCT10";"1ZZFE";"2001";"Перед.";"Лев.";"361";"0";"";"Toyota";"";"";"01-03-02-01-03";"1";"0";"0";"0";"0";"0"
"101184";"http://export-content.baz-on.ru/pub/c2226/productphoto/0005/25/0005_25_321.jpg, http://export-content.baz-on.ru/pub/c2226/productphoto/0005/25/0005_25_322.jpg, http://export-content.baz-on.ru/pub/c2226/productphoto/0005/25/0005_25_323.jpg, http://export-content.baz-on.ru/pub/c2226/productphoto/0005/25/0005_25_324.jpg, http://export-content.baz-on.ru/pub/c2226/productphoto/0005/25/0005_25_325.jpg, http://export-content.baz-on.ru/pub/c2226/productphoto/0005/25/0005_25_326.jpg, http://export-content.baz-on.ru/pub/c2226/productphoto/0005/25/0005_25_327.jpg";"";"суппорт";"4773020600";"2700";"Контракт";"Контракт, без пробега по РФ";"Toyota";"Opa";"1";"дорест. 2000—2002";"ZCT10";"1ZZFE";"2001";"Перед.";"Прав.";"361";"0";"";"Toyota";"";"";"01-03-02-01-06";"1";"0";"0";"0";"0";"0"
"106355";"http://export-content.baz-on.ru/pub/c2226/productphoto/0005/59/0005_59_193.jpg, http://export-content.baz-on.ru/pub/c2226/productphoto/0005/59/0005_59_194.jpg, http://export-content.baz-on.ru/pub/c2226/productphoto/0005/59/0005_59_195.jpg";"";"суппорт";"4605A258";"1100";"Контракт";"Контракт, без пробега по РФ.";"Mitsubishi";"Outlander";"2";"дорест. 2005—2009";"CW5W";"4B12";"2007";"Перед.";"Прав.";"371 (5902)";"0";"";"Mitsubishi";"";"";"01-03-02-01-07";"1";"0";"0";"0";"0";"0"
"106354";"http://export-content.baz-on.ru/pub/c2226/productphoto/0005/59/0005_59_190.jpg, http://export-content.baz-on.ru/pub/c2226/productphoto/0005/59/0005_59_191.jpg, http://export-content.baz-on.ru/pub/c2226/productphoto/0005/59/0005_59_192.jpg";"";"суппорт";"4605A257";"1200";"Контракт";"Контракт, без пробега по РФ.";"Mitsubishi";"Outlander";"2";"дорест. 2005—2009";"CW5W";"4B12";"2007";"Перед.";"Лев.";"371 (5902)";"0";"";"Mitsubishi";"";"";"01-03-02-01-07";"1";"0";"0";"0";"0";"0"
"97499";"http://export-content.baz-on.ru/pub/c2226/productphoto/0005/02/0005_02_500.jpg, http://export-content.baz-on.ru/pub/c2226/productphoto/0005/02/0005_02_501.jpg, http://export-content.baz-on.ru/pub/c2226/productphoto/0005/02/0005_02_502.jpg, http://export-content.baz-on.ru/pub/c2226/productphoto/0005/02/0005_02_503.jpg";"х";"суппорт";"4605A264";"2000";"Контракт";"Пробег по Японии 48024, без пробега по РФ.";"Mitsubishi";"Outlander";"2";"дорест. 2005—2009";"CW5W";"4B12";"2008";"Задн.";"Прав.";"315";"0";"";"Mitsubishi";"";"";"01-03-02-02-04";"1";"0";"0";"0";"0";"0"
"97498";"http://export-content.baz-on.ru/pub/c2226/productphoto/0005/02/0005_02_496.jpg, http://export-content.baz-on.ru/pub/c2226/productphoto/0005/02/0005_02_497.jpg, http://export-content.baz-on.ru/pub/c2226/productphoto/0005/02/0005_02_498.jpg, http://export-content.baz-on.ru/pub/c2226/productphoto/0005/02/0005_02_499.jpg";"";"суппорт";"4605A263";"1850";"Контракт";"Пробег по Японии 48024, без пробега по РФ.";"Mitsubishi";"Outlander";"2";"дорест. 2005—2009";"CW5W";"4B12";"2008";"Задн.";"Лев.";"315";"0";"";"Mitsubishi";"";"";"01-03-02-02-04";"1";"0";"0";"0";"0";"0"
"83124";"http://export-content.baz-on.ru/pub/c2226/productphoto/0004/20/0004_20_345.jpg, http://export-content.baz-on.ru/pub/c2226/productphoto/0004/20/0004_20_346.jpg, http://export-content.baz-on.ru/pub/c2226/productphoto/0004/20/0004_20_347.jpg, http://export-content.baz-on.ru/pub/c2226/productphoto/0004/20/0004_20_348.jpg, http://export-content.baz-on.ru/pub/c2226/productphoto/0004/20/0004_20_349.jpg, http://export-content.baz-on.ru/pub/c2226/productphoto/0004/20/0004_20_350.jpg";"1100";"суппорт";"4605A258";"1200";"Контракт";"Контракт. Без пробега по РФ. Пробег по Японии 74 000km";"Mitsubishi";"Outlander";"2";"";"CW6W";"6B31";"2008";"Перед.";"Прав.";"292";"0";"";"Mitsubishi";"";"";"01-03-02-01-03";"1";"0";"0";"0";"0";"0"
"83095";"http://export-content.baz-on.ru/pub/c2226/productphoto/0004/20/0004_20_333.jpg, http://export-content.baz-on.ru/pub/c2226/productphoto/0004/20/0004_20_334.jpg, http://export-content.baz-on.ru/pub/c2226/productphoto/0004/20/0004_20_335.jpg, http://export-content.baz-on.ru/pub/c2226/productphoto/0004/20/0004_20_336.jpg, http://export-content.baz-on.ru/pub/c2226/productphoto/0004/20/0004_20_337.jpg, http://export-content.baz-on.ru/pub/c2226/productphoto/0004/20/0004_20_338.jpg";"1800";"суппорт";"4605A263";"2000";"Контракт";"Контракт. Без пробега по РФ. Пробег по Японии 74 000km";"Mitsubishi";"Outlander";"2";"";"CW6W";"6B31";"2008";"Задн.";"Лев.";"292";"0";"";"Mitsubishi";"";"";"01-03-02-02-05";"1";"0";"0";"0";"0";"0"
"82812";"http://export-content.baz-on.ru/pub/c2226/productphoto/0004/17/0004_17_551.jpg, http://export-content.baz-on.ru/pub/c2226/productphoto/0004/17/0004_17_552.jpg, http://export-content.baz-on.ru/pub/c2226/productphoto/0004/17/0004_17_553.jpg, http://export-content.baz-on.ru/pub/c2226/productphoto/0004/17/0004_17_554.jpg, http://export-content.baz-on.ru/pub/c2226/productphoto/0004/17/0004_17_555.jpg, http://export-content.baz-on.ru/pub/c2226/productphoto/0004/17/0004_17_556.jpg, http://export-content.baz-on.ru/pub/c2226/productphoto/0004/17/0004_17_557.jpg";"1200";"суппорт";"4605A257";"1500";"Контракт";"Контракт. Без пробега по РФ. Пробег по Японии 74 000km";"Mitsubishi";"Outlander";"2";"";"CW6W";"6B31";"2008";"Перед.";"Лев.";"292";"0";"";"Mitsubishi";"";"";"01-03-02-02-07";"1";"0";"0";"0";"0";"0"
"78551";"http://export-content.baz-on.ru/pub/c2226/productphoto/0003/90/0003_90_109.jpg, http://export-content.baz-on.ru/pub/c2226/productphoto/0003/90/0003_90_110.jpg, http://export-content.baz-on.ru/pub/c2226/productphoto/0003/90/0003_90_111.jpg, http://export-content.baz-on.ru/pub/c2226/productphoto/0003/90/0003_90_112.jpg, http://export-content.baz-on.ru/pub/c2226/productphoto/0003/90/0003_90_113.jpg, http://export-content.baz-on.ru/pub/c2226/productphoto/0003/90/0003_90_114.jpg, http://export-content.baz-on.ru/pub/c2226/productphoto/0003/90/0003_90_115.jpg, http://export-content.baz-on.ru/pub/c2226/productphoto/0003/90/0003_90_116.jpg";"1500";"суппорт";"4605A263";"2000";"Контракт";"Пробег по Японии 67767 км. Контракт, без пробега по РФ";"Mitsubishi";"Outlander";"2";"";"CW5W";"4B12";"2009";"Задн.";"Лев.";"246";"0";"";"Mitsubishi";"";"";"01-03-02-01-05";"1";"0";"0";"0";"0";"0"
"28093";"http://export-content.baz-on.ru/pub/c2226/productphoto/0001/11/0001_11_690.jpg, http://export-content.baz-on.ru/pub/c2226/productphoto/0001/11/0001_11_691.jpg, http://export-content.baz-on.ru/pub/c2226/productphoto/0001/11/0001_11_692.jpg, http://export-content.baz-on.ru/pub/c2226/productphoto/0001/62/0001_62_519.jpg, http://export-content.baz-on.ru/pub/c2226/productphoto/0001/62/0001_62_520.jpg, http://export-content.baz-on.ru/pub/c2226/productphoto/0001/62/0001_62_521.jpg";"1000";"суппорт";"4605A258";"1100";"Контракт";"Контрактный, без пробега по РФ. Фото соответствуют товару.";"Mitsubishi";"Outlander";"2";"дорест. 2005—2009";"CW6W";"6B31";"2008";"Перед.";"Прав.";"80";"0";"";"Mitsubishi";"";"";"01-03-02-01-04";"1";"0";"0";"0";"0";"0"
"63663";"http://export-content.baz-on.ru/pub/c2226/productphoto/0002/97/0002_97_865.jpg, http://export-content.baz-on.ru/pub/c2226/productphoto/0002/97/0002_97_866.jpg, http://export-content.baz-on.ru/pub/c2226/productphoto/0002/97/0002_97_867.jpg, http://export-content.baz-on.ru/pub/c2226/productphoto/0002/97/0002_97_868.jpg, http://export-content.baz-on.ru/pub/c2226/productphoto/0002/97/0002_97_869.jpg, http://export-content.baz-on.ru/pub/c2226/productphoto/0002/97/0002_97_870.jpg, http://export-content.baz-on.ru/pub/c2226/productphoto/0002/97/0002_97_871.jpg, http://export-content.baz-on.ru/pub/c2226/productphoto/0002/97/0002_97_872.jpg";"3000";"суппорт";"44001AU00A";"3450";"Контракт";"Фото соответствуют товару. Контрактный. Пробег по Японии 81 507, без пробега по РФ.";"Nissan";"Primera";"3";"";"WTP12";"QR20DE";"2003";"Задн.";"Прав.";"149";"0";"";"Nissan";"";"";"01-03-02-02-05";"1";"0";"0";"0";"0";"0"
"86926";"http://export-content.baz-on.ru/pub/c2226/productphoto/0004/40/0004_40_460.jpg, http://export-content.baz-on.ru/pub/c2226/productphoto/0004/40/0004_40_461.jpg, http://export-content.baz-on.ru/pub/c2226/productphoto/0004/40/0004_40_462.jpg, http://export-content.baz-on.ru/pub/c2226/productphoto/0004/40/0004_40_463.jpg, http://export-content.baz-on.ru/pub/c2226/productphoto/0004/40/0004_40_464.jpg";"4000";"суппорт";"4773042010";"4500";"Контракт";"Контракт. Без пробега по РФ.";"Toyota";"RAV4";"1";"";"SXA10";"3SFE";"1996";"Перед.";"Прав.";"282";"0";"";"Toyota";"";"";"01-03-02-01-03";"1";"0";"0";"0";"0";"0"
"86724";"http://export-content.baz-on.ru/pub/c2226/productphoto/0004/39/0004_39_570.jpg, http://export-content.baz-on.ru/pub/c2226/productphoto/0004/39/0004_39_571.jpg, http://export-content.baz-on.ru/pub/c2226/productphoto/0004/39/0004_39_572.jpg, http://export-content.baz-on.ru/pub/c2226/productphoto/0004/39/0004_39_573.jpg, http://export-content.baz-on.ru/pub/c2226/productphoto/0004/39/0004_39_574.jpg";"4500";"суппорт";"4773042010";"4500";"Контракт";"Контракт. Без пробега по РФ.";"Toyota";"RAV4";"1";"";"SXA11";"3SFE";"1995";"Перед.";"Прав.";"283";"0";"";"Toyota";"";"";"01-03-02-02-03";"1";"0";"0";"0";"0";"0"
"78533";"http://export-content.baz-on.ru/pub/c2226/productphoto/0003/90/0003_90_043.jpg, http://export-content.baz-on.ru/pub/c2226/productphoto/0003/90/0003_90_044.jpg, http://export-content.baz-on.ru/pub/c2226/productphoto/0003/90/0003_90_045.jpg, http://export-content.baz-on.ru/pub/c2226/productphoto/0003/90/0003_90_046.jpg, http://export-content.baz-on.ru/pub/c2226/productphoto/0003/90/0003_90_047.jpg, http://export-content.baz-on.ru/pub/c2226/productphoto/0003/90/0003_90_048.jpg";"х";"суппорт";"4775042040";"4700";"Контракт";"Пробег по Японии 134204 км. Контракт, без пробега по РФ";"Toyota";"RAV4";"2";"";"ACA21W";"1AZFSE";"2003";"Перед.";"Лев.";"260";"0";"";"Toyota";"";"";"01-03-02-02-06";"1";"0";"0";"0";"0";"0"
"78508";"http://export-content.baz-on.ru/pub/c2226/productphoto/0003/89/0003_89_935.jpg, http://export-content.baz-on.ru/pub/c2226/productphoto/0003/89/0003_89_936.jpg, http://export-content.baz-on.ru/pub/c2226/productphoto/0003/89/0003_89_937.jpg, http://export-content.baz-on.ru/pub/c2226/productphoto/0003/89/0003_89_938.jpg, http://export-content.baz-on.ru/pub/c2226/productphoto/0003/89/0003_89_939.jpg, http://export-content.baz-on.ru/pub/c2226/productphoto/0003/89/0003_89_940.jpg";"х";"суппорт";"4773033381";"8000";"Контракт";"Пробег по Японии 54500 км. Контракт, без пробега по РФ";"Toyota";"RAV4";"5";"";"MXAA54";"M20AFKS";"2019";"Перед.";"Прав.";"261";"0";"";"Toyota";"";"60-28";"01-03-02-01-07";"1";"0";"0";"0";"0";"0"
"78491";"http://export-content.baz-on.ru/pub/c2226/productphoto/0003/89/0003_89_837.jpg, http://export-content.baz-on.ru/pub/c2226/productphoto/0003/89/0003_89_838.jpg, http://export-content.baz-on.ru/pub/c2226/productphoto/0003/89/0003_89_839.jpg, http://export-content.baz-on.ru/pub/c2226/productphoto/0003/89/0003_89_840.jpg, http://export-content.baz-on.ru/pub/c2226/productphoto/0003/89/0003_89_841.jpg, http://export-content.baz-on.ru/pub/c2226/productphoto/0003/89/0003_89_842.jpg";"х";"суппорт";"4775033311";"8000";"Контракт";"Пробег по Японии 54500 км. Контракт, без пробега по РФ";"Toyota";"RAV4";"5";"";"MXAA54";"M20AFKS";"2019";"Перед.";"Лев.";"261";"0";"";"Toyota";"";"60-28";"01-03-02-01-07";"1";"0";"0";"0";"0";"0"
"73761";"http://export-content.baz-on.ru/pub/c2226/productphoto/0003/57/0003_57_570.jpg, http://export-content.baz-on.ru/pub/c2226/productphoto/0003/57/0003_57_571.jpg, http://export-content.baz-on.ru/pub/c2226/productphoto/0003/57/0003_57_572.jpg, http://export-content.baz-on.ru/pub/c2226/productphoto/0003/57/0003_57_573.jpg";"х";"суппорт";"4775042040";"5000";"Контракт";"Пробег по Японии: 70762 Контракт. Без пробега по РФ";"Toyota";"RAV4";"2";"";"ZCA26";"1ZZFE";"2001";"Перед.";"Лев.";"238";"0";"";"Toyota";"";"";"01-03-02-02-05";"1";"0";"0";"0";"0";"0"
"68793";"http://export-content.baz-on.ru/pub/c2226/productphoto/0003/29/0003_29_227.jpg, http://export-content.baz-on.ru/pub/c2226/productphoto/0003/29/0003_29_228.jpg, http://export-content.baz-on.ru/pub/c2226/productphoto/0003/29/0003_29_229.jpg, http://export-content.baz-on.ru/pub/c2226/productphoto/0003/29/0003_29_230.jpg, http://export-content.baz-on.ru/pub/c2226/productphoto/0003/29/0003_29_231.jpg";"4000";"суппорт";"4773042010";"5000";"Контракт";"Фото соответствуют товару. Контрактный. Пробег по Японии 110341 км, без пробега по РФ.";"Toyota";"RAV4";"1";"";"SXA10";"3SFE";"1996";"Перед.";"Прав.";"214";"0";"";"Toyota";"";"";"01-03-02-01-03";"1";"0";"0";"0";"0";"0"
"40486";"http://export-content.baz-on.ru/pub/c2226/productphoto/0001/78/0001_78_633.jpg, http://export-content.baz-on.ru/pub/c2226/productphoto/0001/78/0001_78_634.jpg";"х";"суппорт";"4775042040";"4700";"Контракт";"Пробег по Японии 132594 км. Контракт, без пробега по РФ. Фото соответствуют товару.";"Toyota";"RAV4";"2";"";"ACA21W";"1AZFSE";"2003";"Перед.";"Лев.";"110";"0";"";"Toyota";"";"";"01-03-02-01-02";"1";"0";"0";"0";"0";"0"
"40090";"http://export-content.baz-on.ru/pub/c2226/productphoto/0001/77/0001_77_227.jpg, http://export-content.baz-on.ru/pub/c2226/productphoto/0001/77/0001_77_228.jpg, http://export-content.baz-on.ru/pub/c2226/productphoto/0001/77/0001_77_229.jpg";"950";"суппорт";"4783042061";"1000";"Контракт";"Контракт, без пробега по РФ.";"Toyota";"RAV4";"3";"";"ACA31W";"2AZFE";"2009";"Задн.";"Прав.";"111";"0";"";"Toyota";"";"";"01-03-02-01-04";"1";"0";"0";"0";"0";"0"
"39635";"http://export-content.baz-on.ru/pub/c2226/productphoto/0001/75/0001_75_356.jpg, http://export-content.baz-on.ru/pub/c2226/productphoto/0001/75/0001_75_357.jpg, http://export-content.baz-on.ru/pub/c2226/productphoto/0001/75/0001_75_358.jpg";"х";"суппорт";"4775042090";"1000";"Контракт";"Контракт, без пробега по РФ.";"Toyota";"RAV4";"3";"";"ACA31W";"2AZFE";"2009";"Перед.";"Лев.";"111";"0";"";"Toyota";"";"63-28";"01-03-02-01-05";"1";"0";"0";"0";"0";"0"
"97966";"http://export-content.baz-on.ru/pub/c2226/productphoto/0005/05/0005_05_673.jpg, http://export-content.baz-on.ru/pub/c2226/productphoto/0005/05/0005_05_674.jpg, http://export-content.baz-on.ru/pub/c2226/productphoto/0005/05/0005_05_675.jpg, http://export-content.baz-on.ru/pub/c2226/productphoto/0005/05/0005_05_676.jpg, http://export-content.baz-on.ru/pub/c2226/productphoto/0005/05/0005_05_677.jpg, http://export-content.baz-on.ru/pub/c2226/productphoto/0005/05/0005_05_678.jpg, http://export-content.baz-on.ru/pub/c2226/productphoto/0005/05/0005_05_679.jpg";"х";"суппорт";"410014N000";"1500";"Контракт";"Пробег по Японии 66074 км.
Контракт, без пробега по РФ";"Nissan";"Serena";"2";"1 рест. 2001—2005";"TC24";"QR20DE";"2005";"Перед.";"Прав.";"317";"0";"";"Nissan";"";"";"01-03-02-01-04";"1";"0";"0";"0";"0";"0"
"97965";"http://export-content.baz-on.ru/pub/c2226/productphoto/0005/05/0005_05_666.jpg, http://export-content.baz-on.ru/pub/c2226/productphoto/0005/05/0005_05_667.jpg, http://export-content.baz-on.ru/pub/c2226/productphoto/0005/05/0005_05_668.jpg, http://export-content.baz-on.ru/pub/c2226/productphoto/0005/05/0005_05_669.jpg, http://export-content.baz-on.ru/pub/c2226/productphoto/0005/05/0005_05_670.jpg, http://export-content.baz-on.ru/pub/c2226/productphoto/0005/05/0005_05_671.jpg, http://export-content.baz-on.ru/pub/c2226/productphoto/0005/05/0005_05_672.jpg";"x";"суппорт";"410114N000";"1500";"Контракт";"Пробег по Японии 66074 км.
Контракт, без пробега по РФ";"Nissan";"Serena";"2";"1 рест. 2001—2005";"TC24";"QR20DE";"2005";"Перед.";"Лев.";"317";"0";"";"Nissan";"";"";"01-03-02-01-05";"1";"0";"0";"0";"0";"0"
"97231";"http://export-content.baz-on.ru/pub/c2226/productphoto/0005/00/0005_00_393.jpg, http://export-content.baz-on.ru/pub/c2226/productphoto/0005/00/0005_00_394.jpg, http://export-content.baz-on.ru/pub/c2226/productphoto/0005/00/0005_00_395.jpg, http://export-content.baz-on.ru/pub/c2226/productphoto/0005/00/0005_00_396.jpg, http://export-content.baz-on.ru/pub/c2226/productphoto/0005/00/0005_00_397.jpg, http://export-content.baz-on.ru/pub/c2226/productphoto/0005/00/0005_00_398.jpg";"2500";"суппорт";"4775012410";"2800";"Контракт";"Контракт, без пробега по РФ";"Toyota";"Sprinter Carib";"3";"1 рест. 1997—2002";"AE111G";"4AFE";"1999";"Перед.";"Лев.";"333";"0";"";"Toyota";"";"";"01-03-02-02-06";"1";"0";"0";"0";"0";"0"
"97161";"http://export-content.baz-on.ru/pub/c2226/productphoto/0004/99/0004_99_958.jpg, http://export-content.baz-on.ru/pub/c2226/productphoto/0004/99/0004_99_959.jpg, http://export-content.baz-on.ru/pub/c2226/productphoto/0004/99/0004_99_960.jpg, http://export-content.baz-on.ru/pub/c2226/productphoto/0004/99/0004_99_961.jpg, http://export-content.baz-on.ru/pub/c2226/productphoto/0004/99/0004_99_962.jpg, http://export-content.baz-on.ru/pub/c2226/productphoto/0004/99/0004_99_963.jpg, http://export-content.baz-on.ru/pub/c2226/productphoto/0004/99/0004_99_964.jpg, http://export-content.baz-on.ru/pub/c2226/productphoto/0004/99/0004_99_965.jpg";"х";"суппорт";"4773012410";"3000";"Контракт";"Пробег по Японии 81421 км.
Контракт, без пробега по РФ";"Toyota";"Sprinter Carib";"3";"1 рест. 1997—2002";"AE111G";"4AFE";"1999";"Перед.";"Прав.";"333";"0";"";"Toyota";"";"51-18";"01-03-02-02-06";"1";"0";"0";"0";"0";"0"
"104195";"http://export-content.baz-on.ru/pub/c2226/productphoto/0005/42/0005_42_285.jpg, http://export-content.baz-on.ru/pub/c2226/productphoto/0005/42/0005_42_286.jpg, http://export-content.baz-on.ru/pub/c2226/productphoto/0005/42/0005_42_287.jpg, http://export-content.baz-on.ru/pub/c2226/productphoto/0005/42/0005_42_288.jpg, http://export-content.baz-on.ru/pub/c2226/productphoto/0005/42/0005_42_289.jpg, http://export-content.baz-on.ru/pub/c2226/productphoto/0005/42/0005_42_290.jpg";"";"суппорт";"43019S7S000";"2000";"Контракт";"Контракт. Без пробега по РФ";"Honda";"Stepwgn";"2";"1 рест. 2003—2005";"RF7";"K24A";"2004";"Задн.";"Лев.";"341";"0";"";"Honda";"";"";"01-03-02-02-05";"1";"0";"0";"0";"0";"0"
"104194";"http://export-content.baz-on.ru/pub/c2226/productphoto/0005/42/0005_42_279.jpg, http://export-content.baz-on.ru/pub/c2226/productphoto/0005/42/0005_42_280.jpg, http://export-content.baz-on.ru/pub/c2226/productphoto/0005/42/0005_42_281.jpg, http://export-content.baz-on.ru/pub/c2226/productphoto/0005/42/0005_42_282.jpg, http://export-content.baz-on.ru/pub/c2226/productphoto/0005/42/0005_42_283.jpg, http://export-content.baz-on.ru/pub/c2226/productphoto/0005/42/0005_42_284.jpg";"";"суппорт";"43018S7S000";"3800";"Контракт";"Контракт. Без пробега по РФ";"Honda";"Stepwgn";"2";"1 рест. 2003—2005";"RF7";"K24A";"2004";"Задн.";"Прав.";"341";"0";"";"Honda";"";"";"01-03-02-02-05";"1";"0";"0";"0";"0";"0"
"101407";"http://export-content.baz-on.ru/pub/c2226/productphoto/0005/26/0005_26_505.jpg, http://export-content.baz-on.ru/pub/c2226/productphoto/0005/26/0005_26_506.jpg, http://export-content.baz-on.ru/pub/c2226/productphoto/0005/26/0005_26_507.jpg, http://export-content.baz-on.ru/pub/c2226/productphoto/0005/26/0005_26_508.jpg, http://export-content.baz-on.ru/pub/c2226/productphoto/0005/26/0005_26_509.jpg, http://export-content.baz-on.ru/pub/c2226/productphoto/0005/26/0005_26_510.jpg, http://export-content.baz-on.ru/pub/c2226/productphoto/0005/26/0005_26_511.jpg, http://export-content.baz-on.ru/pub/c2226/productphoto/0005/26/0005_26_512.jpg, http://export-content.baz-on.ru/pub/c2226/productphoto/0005/26/0005_26_513.jpg";"";"суппорт";"45019S7S000";"1000";"Контракт";"Пробег по Японии 85904 км.
Контракт, без пробега по РФ";"Honda";"Stepwgn";"2";"1 рест. 2003—2005";"RF7";"K24A";"2004";"Перед.";"Лев.";"341";"0";"";"Honda";"";"17CL15VN";"01-03-02-02-05";"1";"0";"0";"0";"0";"0"
"59488";"http://export-content.baz-on.ru/pub/c2226/productphoto/0002/74/0002_74_510.jpg, http://export-content.baz-on.ru/pub/c2226/productphoto/0002/74/0002_74_511.jpg, http://export-content.baz-on.ru/pub/c2226/productphoto/0002/74/0002_74_512.jpg, http://export-content.baz-on.ru/pub/c2226/productphoto/0002/74/0002_74_513.jpg, http://export-content.baz-on.ru/pub/c2226/productphoto/0002/74/0002_74_514.jpg, http://export-content.baz-on.ru/pub/c2226/productphoto/0002/74/0002_74_515.jpg, http://export-content.baz-on.ru/pub/c2226/productphoto/0002/74/0002_74_516.jpg";"1500";"суппорт";"45019T6AJ01";"5000";"Контракт";"Дефект пыльника на направляющей. Пробег по Японии 123 тыс. Фото соответствует товару. Контракт, без пробега по РФ";"Honda";"Stepwgn";"5";"";"RP3";"L15B";"2016";"Перед.";"Лев.";"168";"0";"";"Honda";"";"";"01-03-02-02-06";"1";"0";"0";"0";"0";"0"
"59478";"http://export-content.baz-on.ru/pub/c2226/productphoto/0002/74/0002_74_461.jpg, http://export-content.baz-on.ru/pub/c2226/productphoto/0002/74/0002_74_462.jpg, http://export-content.baz-on.ru/pub/c2226/productphoto/0002/74/0002_74_463.jpg, http://export-content.baz-on.ru/pub/c2226/productphoto/0002/74/0002_74_464.jpg, http://export-content.baz-on.ru/pub/c2226/productphoto/0002/74/0002_74_465.jpg, http://export-content.baz-on.ru/pub/c2226/productphoto/0002/74/0002_74_466.jpg, http://export-content.baz-on.ru/pub/c2226/productphoto/0002/74/0002_74_467.jpg";"1900";"суппорт";"45018T6AJ01";"5220";"Контракт";"Пробег по Японии 123 тыс. Фото соответствует товару. Контракт, без пробега по РФ";"Honda";"Stepwgn";"5";"";"RP3";"L15B";"2016";"Перед.";"Прав.";"168";"0";"";"Honda";"";"";"01-03-02-02-06";"1";"0";"0";"0";"0";"0"
"106384";"http://export-content.baz-on.ru/pub/c2226/productphoto/0005/59/0005_59_304.jpg, http://export-content.baz-on.ru/pub/c2226/productphoto/0005/59/0005_59_305.jpg, http://export-content.baz-on.ru/pub/c2226/productphoto/0005/59/0005_59_306.jpg";"";"суппорт";"45019S7AN02";"1500";"Контракт";"Контракт, без пробега по РФ.";"Honda";"Stream";"1";"дорест. 2000—2003";"RN3";"K20A";"2001";"Перед.";"Лев.";"366 (4787)";"0";"";"Honda";"";"";"01-03-02-01-07";"1";"0";"0";"0";"0";"0"
"106241";"http://export-content.baz-on.ru/pub/c2226/productphoto/0005/58/0005_58_430.jpg, http://export-content.baz-on.ru/pub/c2226/productphoto/0005/58/0005_58_431.jpg, http://export-content.baz-on.ru/pub/c2226/productphoto/0005/58/0005_58_432.jpg, http://export-content.baz-on.ru/pub/c2226/productphoto/0005/58/0005_58_433.jpg, http://export-content.baz-on.ru/pub/c2226/productphoto/0005/58/0005_58_434.jpg, http://export-content.baz-on.ru/pub/c2226/productphoto/0005/58/0005_58_435.jpg, http://export-content.baz-on.ru/pub/c2226/productphoto/0005/58/0005_58_436.jpg";"";"суппорт";"43018SZ3A01";"3000";"Контракт";"Контракт, без пробега по РФ.";"Honda";"Stream";"1";"дорест. 2000—2003";"RN3";"K20A";"2001";"Задн.";"Прав.";"366 (4787)";"0";"";"Honda";"";"";"01-03-02-01-06";"1";"0";"0";"0";"0";"0"
"106212";"http://export-content.baz-on.ru/pub/c2226/productphoto/0005/58/0005_58_218.jpg, http://export-content.baz-on.ru/pub/c2226/productphoto/0005/58/0005_58_219.jpg, http://export-content.baz-on.ru/pub/c2226/productphoto/0005/58/0005_58_220.jpg, http://export-content.baz-on.ru/pub/c2226/productphoto/0005/58/0005_58_221.jpg, http://export-content.baz-on.ru/pub/c2226/productphoto/0005/58/0005_58_222.jpg, http://export-content.baz-on.ru/pub/c2226/productphoto/0005/58/0005_58_223.jpg, http://export-content.baz-on.ru/pub/c2226/productphoto/0005/58/0005_58_224.jpg, http://export-content.baz-on.ru/pub/c2226/productphoto/0005/58/0005_58_225.jpg";"";"суппорт";"45019S7AN02";"1500";"Контракт";"Контракт, без пробега по РФ.";"Honda";"Stream";"1";"дорест. 2000—2003";"RN3";"K20A";"2001";"Перед.";"Лев.";"366 (4787)";"0";"";"Honda";"";"";"01-03-02-01-06";"1";"0";"0";"0";"0";"0"
"103227";"http://export-content.baz-on.ru/pub/c2226/productphoto/0005/36/0005_36_729.jpg, http://export-content.baz-on.ru/pub/c2226/productphoto/0005/36/0005_36_730.jpg, http://export-content.baz-on.ru/pub/c2226/productphoto/0005/36/0005_36_731.jpg, http://export-content.baz-on.ru/pub/c2226/productphoto/0005/36/0005_36_732.jpg, http://export-content.baz-on.ru/pub/c2226/productphoto/0005/36/0005_36_733.jpg";"";"суппорт";"43019SZ3A01";"3800";"Контракт";"Контракт, без пробега по РФ.";"Honda";"Stream";"1";"дорест. 2000—2003";"RN3";"K20A";"2001";"Задн.";"Лев.";"366 (4787)";"0";"";"Honda";"";"";"01-03-02-01-03";"1";"0";"0";"0";"0";"0"
"97697";"http://export-content.baz-on.ru/pub/c2226/productphoto/0005/04/0005_04_107.jpg, http://export-content.baz-on.ru/pub/c2226/productphoto/0005/04/0005_04_108.jpg, http://export-content.baz-on.ru/pub/c2226/productphoto/0005/04/0005_04_109.jpg, http://export-content.baz-on.ru/pub/c2226/productphoto/0005/04/0005_04_110.jpg, http://export-content.baz-on.ru/pub/c2226/productphoto/0005/04/0005_04_111.jpg, http://export-content.baz-on.ru/pub/c2226/productphoto/0005/04/0005_04_112.jpg";"850";"суппорт";"41011JN00A";"1100";"Контракт";"Пробег по Японии: 23480 
Контракт, без пробега по РФ.";"Nissan";"Teana";"2";"1 рест. 2012—2014";"J32";"VQ25DE";"2012";"Перед.";"Лев.";"319";"0";"";"Nissan";"";"";"01-03-02-01-05";"1";"0";"0";"0";"0";"0"
"97362";"http://export-content.baz-on.ru/pub/c2226/productphoto/0005/01/0005_01_194.jpg, http://export-content.baz-on.ru/pub/c2226/productphoto/0005/01/0005_01_195.jpg, http://export-content.baz-on.ru/pub/c2226/productphoto/0005/01/0005_01_196.jpg, http://export-content.baz-on.ru/pub/c2226/productphoto/0005/01/0005_01_197.jpg, http://export-content.baz-on.ru/pub/c2226/productphoto/0005/01/0005_01_198.jpg, http://export-content.baz-on.ru/pub/c2226/productphoto/0005/01/0005_01_199.jpg";"3000";"суппорт";"44001JN01B";"3500";"Контракт";"Пробег по Японии: 23480
Контракт, без пробега по РФ";"Nissan";"Teana";"2";"1 рест. 2012—2014";"J32";"VQ25DE";"2012";"Задн.";"Прав.";"319";"0";"";"Nissan";"";"";"01-03-02-02-06";"1";"0";"0";"0";"0";"0"
"97346";"http://export-content.baz-on.ru/pub/c2226/productphoto/0005/01/0005_01_110.jpg, http://export-content.baz-on.ru/pub/c2226/productphoto/0005/01/0005_01_111.jpg, http://export-content.baz-on.ru/pub/c2226/productphoto/0005/01/0005_01_112.jpg, http://export-content.baz-on.ru/pub/c2226/productphoto/0005/01/0005_01_113.jpg, http://export-content.baz-on.ru/pub/c2226/productphoto/0005/01/0005_01_114.jpg, http://export-content.baz-on.ru/pub/c2226/productphoto/0005/01/0005_01_115.jpg";"х";"суппорт";"44011JN01B";"3000";"Контракт";"Пробег по Японии: 23480
Контракт, без пробега по РФ";"Nissan";"Teana";"2";"1 рест. 2012—2014";"J32";"VQ25DE";"2012";"Задн.";"Лев.";"319";"0";"";"Nissan";"";"";"01-03-02-02-05";"1";"0";"0";"0";"0";"0"
"97237";"http://export-content.baz-on.ru/pub/c2226/productphoto/0005/00/0005_00_429.jpg, http://export-content.baz-on.ru/pub/c2226/productphoto/0005/00/0005_00_430.jpg, http://export-content.baz-on.ru/pub/c2226/productphoto/0005/00/0005_00_431.jpg, http://export-content.baz-on.ru/pub/c2226/productphoto/0005/00/0005_00_432.jpg, http://export-content.baz-on.ru/pub/c2226/productphoto/0005/00/0005_00_433.jpg, http://export-content.baz-on.ru/pub/c2226/productphoto/0005/00/0005_00_434.jpg, http://export-content.baz-on.ru/pub/c2226/productphoto/0005/00/0005_00_435.jpg, http://export-content.baz-on.ru/pub/c2226/productphoto/0005/00/0005_00_436.jpg";"700";"суппорт";"41001JN00A";"900";"Контракт";"Контракт, без пробега по РФ";"Nissan";"Teana";"2";"1 рест. 2012—2014";"J32";"VQ25DE";"2012";"Перед.";"Прав.";"319";"0";"";"Nissan";"";"";"01-03-02-02-06";"1";"0";"0";"0";"0";"0"
"68696";"http://export-content.baz-on.ru/pub/c2226/productphoto/0003/28/0003_28_202.jpg, http://export-content.baz-on.ru/pub/c2226/productphoto/0003/28/0003_28_203.jpg, http://export-content.baz-on.ru/pub/c2226/productphoto/0003/28/0003_28_204.jpg, http://export-content.baz-on.ru/pub/c2226/productphoto/0003/28/0003_28_205.jpg";"700";"суппорт";"41001JN00A";"1200";"Контракт";"Контрактный, без пробега по РФ. Фото соответствуют товару.";"Nissan";"Teana";"2";"";"J32";"VQ25DE";"2010";"Перед.";"Прав.";"201";"0";"";"Nissan";"";"";"01-03-02-01-07";"1";"0";"0";"0";"0";"0"
"106345";"http://export-content.baz-on.ru/pub/c2226/productphoto/0005/59/0005_59_166.jpg, http://export-content.baz-on.ru/pub/c2226/productphoto/0005/59/0005_59_167.jpg, http://export-content.baz-on.ru/pub/c2226/productphoto/0005/59/0005_59_168.jpg, http://export-content.baz-on.ru/pub/c2226/productphoto/0005/59/0005_59_169.jpg";"";"суппорт";"45018S0A013";"500";"Контракт";"Контракт, без пробега по РФ.";"Honda";"Torneo";"1";"1 рест. 2000—2002";"CL3";"F20B";"2000";"Перед.";"Прав.";"367 (2488)";"0";"";"Honda";"";"";"01-03-02-01-07";"1";"0";"0";"0";"0";"0"
"104685";"http://export-content.baz-on.ru/pub/c2226/productphoto/0005/44/0005_44_884.jpg, http://export-content.baz-on.ru/pub/c2226/productphoto/0005/44/0005_44_885.jpg, http://export-content.baz-on.ru/pub/c2226/productphoto/0005/44/0005_44_886.jpg, http://export-content.baz-on.ru/pub/c2226/productphoto/0005/44/0005_44_887.jpg, http://export-content.baz-on.ru/pub/c2226/productphoto/0005/44/0005_44_888.jpg, http://export-content.baz-on.ru/pub/c2226/productphoto/0005/44/0005_44_889.jpg, http://export-content.baz-on.ru/pub/c2226/productphoto/0005/44/0005_44_890.jpg, http://export-content.baz-on.ru/pub/c2226/productphoto/0005/44/0005_44_891.jpg";"";"суппорт";"45019S0A013";"800";"Контракт";"Контракт, без пробега по РФ";"Honda";"Torneo";"1";"1 рест. 2000—2002";"CL3";"F20B";"2000";"Перед.";"Лев.";"367 (2488)";"0";"";"Honda";"";"";"";"1";"0";"0";"0";"0";"0"
"86731";"http://export-content.baz-on.ru/pub/c2226/productphoto/0004/39/0004_39_600.jpg, http://export-content.baz-on.ru/pub/c2226/productphoto/0004/39/0004_39_601.jpg, http://export-content.baz-on.ru/pub/c2226/productphoto/0004/39/0004_39_602_v1.jpg, http://export-content.baz-on.ru/pub/c2226/productphoto/0004/39/0004_39_603_v1.jpg";"х";"суппорт";"45018S0A941";"1200";"Контракт";"Контракт. Без пробега по РФ.";"Honda";"Torneo";"1";"";"CF3";"F18B";"2001";"Перед.";"Прав.";"263";"0";"";"Honda";"";"";"01-03-02-02-05";"1";"0";"0";"0";"0";"0"
"85646";"http://export-content.baz-on.ru/pub/c2226/productphoto/0004/33/0004_33_761.jpg, http://export-content.baz-on.ru/pub/c2226/productphoto/0004/33/0004_33_762.jpg, http://export-content.baz-on.ru/pub/c2226/productphoto/0004/33/0004_33_763.jpg";"1000";"суппорт";"45019S0A941";"1300";"Контракт";"Контракт. Без пробега по РФ";"Honda";"Torneo";"1";"";"CF3";"F18B";"2001";"Перед.";"Лев.";"263";"0";"";"Honda";"";"";"01-03-02-01-04";"1";"0";"0";"0";"0";"0"
"78464";"http://export-content.baz-on.ru/pub/c2226/productphoto/0003/89/0003_89_724.jpg, http://export-content.baz-on.ru/pub/c2226/productphoto/0003/89/0003_89_725.jpg, http://export-content.baz-on.ru/pub/c2226/productphoto/0003/89/0003_89_726.jpg, http://export-content.baz-on.ru/pub/c2226/productphoto/0003/89/0003_89_727.jpg, http://export-content.baz-on.ru/pub/c2226/productphoto/0003/89/0003_89_728.jpg, http://export-content.baz-on.ru/pub/c2226/productphoto/0003/89/0003_89_729.jpg";"1000";"суппорт";"45019S0A941";"1500";"Контракт";"Пробег по Японии 54155 км. Контракт, без пробега по РФ";"Honda";"Torneo";"1";"";"CF3";"F18B";"1999";"Перед.";"Лев.";"242";"0";"";"Honda";"";"17CL14VN";"01-03-02-01-07";"1";"0";"0";"0";"0";"0"
"98291";"http://export-content.baz-on.ru/pub/c2226/productphoto/0005/07/0005_07_265.jpg, http://export-content.baz-on.ru/pub/c2226/productphoto/0005/07/0005_07_266.jpg, http://export-content.baz-on.ru/pub/c2226/productphoto/0005/07/0005_07_267.jpg, http://export-content.baz-on.ru/pub/c2226/productphoto/0005/07/0005_07_268.jpg, http://export-content.baz-on.ru/pub/c2226/productphoto/0005/07/0005_07_264.jpg";"";"суппорт";"4775042090";"1200";"Контракт";"Пробег по Японии 65637. Контракт, без пробега по РФ.";"Toyota";"Vanguard";"1";"дорест. 2007—2010";"GSA33";"2GRFE";"2007";"Перед.";"Лев.";"334";"0";"";"Toyota";"";"";"01-03-02-02-03";"1";"0";"0";"0";"0";"0"
"97491";"http://export-content.baz-on.ru/pub/c2226/productphoto/0005/02/0005_02_465.jpg, http://export-content.baz-on.ru/pub/c2226/productphoto/0005/02/0005_02_466.jpg, http://export-content.baz-on.ru/pub/c2226/productphoto/0005/02/0005_02_467.jpg, http://export-content.baz-on.ru/pub/c2226/productphoto/0005/02/0005_02_468.jpg, http://export-content.baz-on.ru/pub/c2226/productphoto/0005/02/0005_02_469.jpg, http://export-content.baz-on.ru/pub/c2226/productphoto/0005/02/0005_02_470.jpg, http://export-content.baz-on.ru/pub/c2226/productphoto/0005/02/0005_02_471.jpg";"1500";"суппорт";"4783042060";"1800";"Контракт";"Пробег по Японии 65637 км.
Контракт, без пробега по РФ";"Toyota";"Vanguard";"1";"дорест. 2007—2010";"GSA33";"2GRFE";"2007";"Задн.";"Прав.";"334";"0";"";"Toyota";"";"";"01-03-02-02-04";"1";"0";"0";"0";"0";"0"
"97489";"http://export-content.baz-on.ru/pub/c2226/productphoto/0005/02/0005_02_451.jpg, http://export-content.baz-on.ru/pub/c2226/productphoto/0005/02/0005_02_452.jpg, http://export-content.baz-on.ru/pub/c2226/productphoto/0005/02/0005_02_453.jpg, http://export-content.baz-on.ru/pub/c2226/productphoto/0005/02/0005_02_454.jpg, http://export-content.baz-on.ru/pub/c2226/productphoto/0005/02/0005_02_455.jpg";"1500";"суппорт";"4785042060";"1900";"Контракт";"Пробег по Японии 65637 км.
Контракт, без пробега по РФ";"Toyota";"Vanguard";"1";"дорест. 2007—2010";"GSA33";"2GRFE";"2007";"Задн.";"Лев.";"334";"0";"";"Toyota";"";"";"01-03-02-02-04";"1";"0";"0";"0";"0";"0"
"97224";"http://export-content.baz-on.ru/pub/c2226/productphoto/0005/00/0005_00_349.jpg, http://export-content.baz-on.ru/pub/c2226/productphoto/0005/00/0005_00_350.jpg, http://export-content.baz-on.ru/pub/c2226/productphoto/0005/00/0005_00_351.jpg, http://export-content.baz-on.ru/pub/c2226/productphoto/0005/00/0005_00_352.jpg, http://export-content.baz-on.ru/pub/c2226/productphoto/0005/00/0005_00_353.jpg, http://export-content.baz-on.ru/pub/c2226/productphoto/0005/00/0005_00_354.jpg, http://export-content.baz-on.ru/pub/c2226/productphoto/0005/00/0005_00_355.jpg, http://export-content.baz-on.ru/pub/c2226/productphoto/0005/00/0005_00_356.jpg";"х";"суппорт";"4773042090";"1150";"Контракт";"Контракт, без пробега по РФ";"Toyota";"Vanguard";"1";"дорест. 2007—2010";"GSA33";"2GRFE";"2007";"Перед.";"Прав.";"334";"0";"";"Toyota";"";"";"01-03-02-02-06";"1";"0";"0";"0";"0";"0"
"63708";"http://export-content.baz-on.ru/pub/c2226/productphoto/0002/98/0002_98_179.jpg, http://export-content.baz-on.ru/pub/c2226/productphoto/0002/98/0002_98_180.jpg, http://export-content.baz-on.ru/pub/c2226/productphoto/0002/98/0002_98_181.jpg, http://export-content.baz-on.ru/pub/c2226/productphoto/0002/98/0002_98_182.jpg, http://export-content.baz-on.ru/pub/c2226/productphoto/0002/98/0002_98_183.jpg, http://export-content.baz-on.ru/pub/c2226/productphoto/0002/98/0002_98_184.jpg, http://export-content.baz-on.ru/pub/c2226/productphoto/0002/98/0002_98_185.jpg, http://export-content.baz-on.ru/pub/c2226/productphoto/0002/98/0002_98_186.jpg, http://export-content.baz-on.ru/pub/c2226/productphoto/0002/98/0002_98_187.jpg";"х";"суппорт";"43019T7A000";"2000";"Контракт";"Скол на разъеме (9 фото). Фото соответствуют товару. Контрактный. Пробег по Японии 59 127, без пробега по РФ.";"Honda";"Vezel";"1";"";"RU1";"L15B";"2015";"Задн.";"Лев.";"170";"0";"";"Honda";"";"";"01-03-02-02-03";"1";"0";"0";"0";"0";"0"
"63707";"http://export-content.baz-on.ru/pub/c2226/productphoto/0002/98/0002_98_170.jpg, http://export-content.baz-on.ru/pub/c2226/productphoto/0002/98/0002_98_171.jpg, http://export-content.baz-on.ru/pub/c2226/productphoto/0002/98/0002_98_172.jpg, http://export-content.baz-on.ru/pub/c2226/productphoto/0002/98/0002_98_173.jpg, http://export-content.baz-on.ru/pub/c2226/productphoto/0002/98/0002_98_174.jpg, http://export-content.baz-on.ru/pub/c2226/productphoto/0002/98/0002_98_175.jpg, http://export-content.baz-on.ru/pub/c2226/productphoto/0002/98/0002_98_176.jpg, http://export-content.baz-on.ru/pub/c2226/productphoto/0002/98/0002_98_177.jpg, http://export-content.baz-on.ru/pub/c2226/productphoto/0002/98/0002_98_178.jpg";"1600";"суппорт";"43018T7A000";"2000";"Контракт";"Фото соответствуют товару. Контрактный. Пробег по Японии 59 127, без пробега по РФ.";"Honda";"Vezel";"1";"";"RU1";"L15B";"2015";"Задн.";"Прав.";"170";"0";"";"Honda";"";"";"01-03-02-02-03";"1";"0";"0";"0";"0";"0"
"58685";"http://export-content.baz-on.ru/pub/c2226/productphoto/0002/70/0002_70_336.jpg, http://export-content.baz-on.ru/pub/c2226/productphoto/0002/70/0002_70_337.jpg, http://export-content.baz-on.ru/pub/c2226/productphoto/0002/70/0002_70_338.jpg, http://export-content.baz-on.ru/pub/c2226/productphoto/0002/70/0002_70_339.jpg, http://export-content.baz-on.ru/pub/c2226/productphoto/0002/70/0002_70_340.jpg, http://export-content.baz-on.ru/pub/c2226/productphoto/0002/70/0002_70_341.jpg, http://export-content.baz-on.ru/pub/c2226/productphoto/0002/70/0002_70_342.jpg, http://export-content.baz-on.ru/pub/c2226/productphoto/0002/70/0002_70_343.jpg, http://export-content.baz-on.ru/pub/c2226/productphoto/0002/70/0002_70_344.jpg";"3600";"суппорт";"45019T7A000";"5000";"Контракт";"Фото соответствует товару. Контракт. Пробег по Японии 59 127, без пробега по РФ";"Honda";"Vezel";"1";"";"RU1";"L15B";"2015";"Перед.";"Лев.";"170";"240";"";"Honda";"";"17CLT6A";"01-03-02-01-04";"1";"0";"0";"0";"0";"0"
"58684";"http://export-content.baz-on.ru/pub/c2226/productphoto/0002/70/0002_70_326.jpg, http://export-content.baz-on.ru/pub/c2226/productphoto/0002/70/0002_70_327.jpg, http://export-content.baz-on.ru/pub/c2226/productphoto/0002/70/0002_70_328.jpg, http://export-content.baz-on.ru/pub/c2226/productphoto/0002/70/0002_70_329.jpg, http://export-content.baz-on.ru/pub/c2226/productphoto/0002/70/0002_70_330.jpg, http://export-content.baz-on.ru/pub/c2226/productphoto/0002/70/0002_70_331.jpg, http://export-content.baz-on.ru/pub/c2226/productphoto/0002/70/0002_70_332.jpg, http://export-content.baz-on.ru/pub/c2226/productphoto/0002/70/0002_70_333.jpg, http://export-content.baz-on.ru/pub/c2226/productphoto/0002/70/0002_70_334.jpg";"3600";"суппорт";"45018T7A000";"5000";"Контракт";"Фото соответствует товару. Контракт. Пробег по Японии 59 127, без пробега по РФ";"Honda";"Vezel";"1";"";"RU1";"L15B";"2015";"Перед.";"Прав.";"170";"240";"";"Honda";"";"17CLT6A";"01-03-02-01-05";"1";"0";"0";"0";"0";"0"
"98239";"http://export-content.baz-on.ru/pub/c2226/productphoto/0005/07/0005_07_163.jpg, http://export-content.baz-on.ru/pub/c2226/productphoto/0005/07/0005_07_164.jpg, http://export-content.baz-on.ru/pub/c2226/productphoto/0005/07/0005_07_165.jpg, http://export-content.baz-on.ru/pub/c2226/productphoto/0005/07/0005_07_166.jpg, http://export-content.baz-on.ru/pub/c2226/productphoto/0005/07/0005_07_167.jpg";"х";"суппорт";"4773020540";"8500";"Контракт";"";"Toyota";"Vista";"4";"дорест. 1994—1996";"SV43";"3SFE";"1994";"Задн.";"Прав.";"337";"0";"";"Toyota";"";"";"01-03-02-02-03";"1";"0";"0";"0";"0";"0"
"98237";"http://export-content.baz-on.ru/pub/c2226/productphoto/0005/07/0005_07_152.jpg, http://export-content.baz-on.ru/pub/c2226/productphoto/0005/07/0005_07_153.jpg, http://export-content.baz-on.ru/pub/c2226/productphoto/0005/07/0005_07_154.jpg, http://export-content.baz-on.ru/pub/c2226/productphoto/0005/07/0005_07_155.jpg, http://export-content.baz-on.ru/pub/c2226/productphoto/0005/07/0005_07_156.jpg";"4700";"суппорт";"4773032170";"6000";"Контракт";"";"Toyota";"Vista";"5";"1 рест. 2000—2003";"AZV50";"1AZFSE";"2002";"Задн.";"Прав.";"336";"0";"";"Toyota";"";"";"01-03-02-01-04";"1";"0";"0";"0";"0";"0"
"98236";"http://export-content.baz-on.ru/pub/c2226/productphoto/0005/07/0005_07_147.jpg, http://export-content.baz-on.ru/pub/c2226/productphoto/0005/07/0005_07_148.jpg, http://export-content.baz-on.ru/pub/c2226/productphoto/0005/07/0005_07_149.jpg, http://export-content.baz-on.ru/pub/c2226/productphoto/0005/07/0005_07_150.jpg, http://export-content.baz-on.ru/pub/c2226/productphoto/0005/07/0005_07_151.jpg";"х";"суппорт";"4775032170";"4500";"Контракт";"";"Toyota";"Vista";"5";"1 рест. 2000—2003";"AZV50";"1AZFSE";"2002";"Задн.";"Лев.";"336";"0";"";"Toyota";"";"";"01-03-02-02-06";"1";"0";"0";"0";"0";"0"
"97969";"http://export-content.baz-on.ru/pub/c2226/productphoto/0005/05/0005_05_693.jpg, http://export-content.baz-on.ru/pub/c2226/productphoto/0005/05/0005_05_694.jpg, http://export-content.baz-on.ru/pub/c2226/productphoto/0005/05/0005_05_695.jpg, http://export-content.baz-on.ru/pub/c2226/productphoto/0005/05/0005_05_696.jpg, http://export-content.baz-on.ru/pub/c2226/productphoto/0005/05/0005_05_697.jpg, http://export-content.baz-on.ru/pub/c2226/productphoto/0005/05/0005_05_698.jpg, http://export-content.baz-on.ru/pub/c2226/productphoto/0005/05/0005_05_699.jpg";"х";"суппорт";"4773032180";"2000";"Контракт";"Пробег по Японии 133125 км.
Контракт, без пробега по РФ";"Toyota";"Vista";"5";"1 рест. 2000—2003";"AZV50";"1AZFSE";"2002";"Перед.";"Прав.";"336";"0";"";"Toyota";"";"57-22";"01-03-02-01-04";"1";"0";"0";"0";"0";"0"
"97826";"http://export-content.baz-on.ru/pub/c2226/productphoto/0005/04/0005_04_883.jpg, http://export-content.baz-on.ru/pub/c2226/productphoto/0005/04/0005_04_884.jpg, http://export-content.baz-on.ru/pub/c2226/productphoto/0005/04/0005_04_885.jpg, http://export-content.baz-on.ru/pub/c2226/productphoto/0005/04/0005_04_886.jpg, http://export-content.baz-on.ru/pub/c2226/productphoto/0005/04/0005_04_887.jpg";"х";"суппорт";"4775032180";"2000";"Контракт";"Контракт, без пробега по РФ";"Toyota";"Vista";"5";"1 рест. 2000—2003";"AZV50";"1AZFSE";"2002";"Перед.";"Лев.";"336";"0";"";"Toyota";"";"";"01-03-02-01-05";"1";"0";"0";"0";"0";"0"
"97819";"http://export-content.baz-on.ru/pub/c2226/productphoto/0005/04/0005_04_848.jpg, http://export-content.baz-on.ru/pub/c2226/productphoto/0005/04/0005_04_849.jpg, http://export-content.baz-on.ru/pub/c2226/productphoto/0005/04/0005_04_850.jpg, http://export-content.baz-on.ru/pub/c2226/productphoto/0005/04/0005_04_851.jpg, http://export-content.baz-on.ru/pub/c2226/productphoto/0005/04/0005_04_852.jpg, http://export-content.baz-on.ru/pub/c2226/productphoto/0005/04/0005_04_853.jpg, http://export-content.baz-on.ru/pub/c2226/productphoto/0005/04/0005_04_854.jpg";"х";"суппорт";"4775032160";"3500";"Контракт";"Контракт, без пробега по РФ";"Toyota";"Vista";"4";"дорест. 1994—1996";"SV43";"3SFE";"1994";"Перед.";"Лев.";"337";"0";"";"Toyota";"";"";"01-03-02-01-05";"1";"0";"0";"0";"0";"0"
"59487";"http://export-content.baz-on.ru/pub/c2226/productphoto/0003/79/0003_79_034.jpg, http://export-content.baz-on.ru/pub/c2226/productphoto/0003/79/0003_79_035.jpg, http://export-content.baz-on.ru/pub/c2226/productphoto/0003/79/0003_79_036.jpg, http://export-content.baz-on.ru/pub/c2226/productphoto/0003/79/0003_79_037.jpg";"2000";"суппорт";"4775020510";"2200";"Контракт";"Пробег по Японии 63 тыс. Фото соответствует товару. Контракт, без пробега по РФ";"Toyota";"Vista";"5";"";"ZZV50";"1ZZFE";"2002";"Перед.";"Лев.";"188";"240";"";"Toyota";"";"";"01-03-02-02-06";"1";"0";"0";"0";"0";"0"
"97232";"http://export-content.baz-on.ru/pub/c2226/productphoto/0005/00/0005_00_399.jpg, http://export-content.baz-on.ru/pub/c2226/productphoto/0005/00/0005_00_400.jpg, http://export-content.baz-on.ru/pub/c2226/productphoto/0005/00/0005_00_401.jpg, http://export-content.baz-on.ru/pub/c2226/productphoto/0005/00/0005_00_402.jpg, http://export-content.baz-on.ru/pub/c2226/productphoto/0005/00/0005_00_403.jpg, http://export-content.baz-on.ru/pub/c2226/productphoto/0005/00/0005_00_404.jpg";"х";"суппорт";"4773032180";"2200";"Контракт";"Пробег по Японии 104768 км.
Контракт, без пробега по РФ";"Toyota";"Vista Ardeo";"1";"дорест. 1998—2000";"SV50";"3SFSE";"2000";"Перед.";"Прав.";"335";"0";"";"Toyota";"";"";"01-03-02-02-06";"1";"0";"0";"0";"0";"0"
"97227";"http://export-content.baz-on.ru/pub/c2226/productphoto/0005/00/0005_00_369.jpg, http://export-content.baz-on.ru/pub/c2226/productphoto/0005/00/0005_00_370.jpg, http://export-content.baz-on.ru/pub/c2226/productphoto/0005/00/0005_00_371.jpg, http://export-content.baz-on.ru/pub/c2226/productphoto/0005/00/0005_00_372.jpg, http://export-content.baz-on.ru/pub/c2226/productphoto/0005/00/0005_00_373.jpg, http://export-content.baz-on.ru/pub/c2226/productphoto/0005/00/0005_00_374.jpg, http://export-content.baz-on.ru/pub/c2226/productphoto/0005/00/0005_00_375.jpg, http://export-content.baz-on.ru/pub/c2226/productphoto/0005/00/0005_00_376.jpg";"х";"суппорт";"4775032180";"2000";"Контракт";"Контракт, без пробега по РФ";"Toyota";"Vista Ardeo";"1";"дорест. 1998—2000";"SV50";"3SFSE";"2000";"Перед.";"Лев.";"335";"0";"";"Toyota";"";"";"01-03-02-02-06";"1";"0";"0";"0";"0";"0"
"69029";"http://export-content.baz-on.ru/pub/c2226/productphoto/0003/29/0003_29_802.jpg, http://export-content.baz-on.ru/pub/c2226/productphoto/0003/29/0003_29_803.jpg, http://export-content.baz-on.ru/pub/c2226/productphoto/0003/29/0003_29_804.jpg, http://export-content.baz-on.ru/pub/c2226/productphoto/0003/29/0003_29_805.jpg, http://export-content.baz-on.ru/pub/c2226/productphoto/0003/29/0003_29_806.jpg, http://export-content.baz-on.ru/pub/c2226/productphoto/0003/29/0003_29_807.jpg";"х";"суппорт";"4775052040";"6000";"Контракт";"Фото соответствуют товару. Контрактный. Пробег по Японии 52 366, без пробега по РФ.";"Toyota";"Vitz";"1";"";"NCP10";"2NZFE";"2001";"Задн.";"Лев.";"216";"0";"";"Toyota";"";"";"01-03-02-02-04";"1";"0";"0";"0";"0";"0"
"22322";"http://export-content.baz-on.ru/pub/c2226/productphoto/0000/84/0000_84_547.jpg, http://export-content.baz-on.ru/pub/c2226/productphoto/0000/84/0000_84_548.jpg, http://export-content.baz-on.ru/pub/c2226/productphoto/0000/84/0000_84_549.jpg";"280";"суппорт";"4775052191";"291";"Контракт";"Контракт, без пробега по РФ.";"Toyota";"Vitz";"2";"дорест. 2005—2007";"NCP95";"2NZ-FE";"2006";"Перед.";"Лев.";"29";"0";"";"Toyota";"";"";"01-03-02-01-03";"1";"0";"0";"0";"0";"0"
"85642";"http://export-content.baz-on.ru/pub/c2226/productphoto/0004/33/0004_33_745.jpg, http://export-content.baz-on.ru/pub/c2226/productphoto/0004/33/0004_33_746.jpg, http://export-content.baz-on.ru/pub/c2226/productphoto/0004/33/0004_33_747.jpg, http://export-content.baz-on.ru/pub/c2226/productphoto/0004/33/0004_33_748.jpg";"х";"суппорт";"4775033120";"3400";"Контракт";"Контракт. Без пробега по РФ";"Toyota";"Windom";"2";"";"MCV20";"1MZFE";"1998";"Перед.";"Лев.";"286";"0";"";"Toyota";"";"";"01-03-02-01-04";"1";"0";"0";"0";"0";"0"
"86890";"http://export-content.baz-on.ru/pub/c2226/productphoto/0004/40/0004_40_296.jpg, http://export-content.baz-on.ru/pub/c2226/productphoto/0004/40/0004_40_297.jpg, http://export-content.baz-on.ru/pub/c2226/productphoto/0004/40/0004_40_298.jpg, http://export-content.baz-on.ru/pub/c2226/productphoto/0004/40/0004_40_299.jpg, http://export-content.baz-on.ru/pub/c2226/productphoto/0004/40/0004_40_300.jpg";"3500?";"суппорт";"44011JG00A";"4500";"Контракт";"Контракт.
Без пробега по РФ.";"Nissan";"X-Trail";"2";"";"TNT31";"QR25DE";"2007";"Задн.";"Лев.";"267";"0";"";"Nissan";"";"";"01-03-02-02-02";"1";"0";"0";"0";"0";"0"
"86690";"http://export-content.baz-on.ru/pub/c2226/productphoto/0004/39/0004_39_451.jpg, http://export-content.baz-on.ru/pub/c2226/productphoto/0004/39/0004_39_452.jpg, http://export-content.baz-on.ru/pub/c2226/productphoto/0004/39/0004_39_453.jpg, http://export-content.baz-on.ru/pub/c2226/productphoto/0004/39/0004_39_454.jpg";"1000";"суппорт";"41011JE00A";"1400";"Контракт";"Контракт. Без пробега по РФ.";"Nissan";"X-Trail";"2";"";"TNT31";"QR25DE";"2007";"Перед.";"Лев.";"267";"0";"";"Nissan";"";"";"01-03-02-02-05";"1";"0";"0";"0";"0";"0"
"86679";"http://export-content.baz-on.ru/pub/c2226/productphoto/0004/39/0004_39_406.jpg, http://export-content.baz-on.ru/pub/c2226/productphoto/0004/39/0004_39_407.jpg, http://export-content.baz-on.ru/pub/c2226/productphoto/0004/39/0004_39_408.jpg, http://export-content.baz-on.ru/pub/c2226/productphoto/0004/39/0004_39_409.jpg";"1000";"суппорт";"41001JE00A";"1300";"Контракт";"Контракт. Без пробега по РФ.";"Nissan";"X-Trail";"2";"";"TNT31";"QR25DE";"2007";"Перед.";"Прав.";"267";"0";"";"Nissan";"";"";"01-03-02-02-05";"1";"0";"0";"0";"0";"0"
"78538";"http://export-content.baz-on.ru/pub/c2226/productphoto/0003/90/0003_90_059.jpg, http://export-content.baz-on.ru/pub/c2226/productphoto/0003/90/0003_90_060.jpg, http://export-content.baz-on.ru/pub/c2226/productphoto/0003/90/0003_90_061.jpg, http://export-content.baz-on.ru/pub/c2226/productphoto/0003/90/0003_90_062.jpg, http://export-content.baz-on.ru/pub/c2226/productphoto/0003/90/0003_90_063.jpg";"3500";"суппорт";"440118H300";"4000";"Контракт";"Пробег по Японии 107104 км. Контракт, без пробега по РФ";"Nissan";"X-Trail";"1";"";"NT30";"QR20DE";"2004";"Задн.";"Лев.";"252";"0";"";"Nissan";"";"";"01-03-02-01-07";"1";"0";"0";"0";"0";"0"
"73757";"http://export-content.baz-on.ru/pub/c2226/productphoto/0003/57/0003_57_550.jpg, http://export-content.baz-on.ru/pub/c2226/productphoto/0003/57/0003_57_551.jpg, http://export-content.baz-on.ru/pub/c2226/productphoto/0003/57/0003_57_552.jpg, http://export-content.baz-on.ru/pub/c2226/productphoto/0003/57/0003_57_553.jpg";"3500";"суппорт";"44011JG00A";"4500";"Контракт";"Пробег по Японии: 90605.";"Nissan";"X-Trail";"2";"";"TNT31";"QR25DE";"2007";"Задн.";"Лев.";"225";"0";"";"Nissan";"";"";"01-03-02-02-03";"1";"0";"0";"0";"0";"0"
"73756";"http://export-content.baz-on.ru/pub/c2226/productphoto/0003/57/0003_57_546.jpg, http://export-content.baz-on.ru/pub/c2226/productphoto/0003/57/0003_57_547.jpg, http://export-content.baz-on.ru/pub/c2226/productphoto/0003/57/0003_57_548.jpg, http://export-content.baz-on.ru/pub/c2226/productphoto/0003/57/0003_57_549.jpg";"3000";"суппорт";"44001JG00A";"4500";"Контракт";"Пробег по Японии: 90605.";"Nissan";"X-Trail";"2";"";"TNT31";"QR25DE";"2007";"Задн.";"Прав.";"225";"0";"";"Nissan";"";"";"01-03-02-02-06";"1";"0";"0";"0";"0";"0"
"67623";"http://export-content.baz-on.ru/pub/c2226/productphoto/0003/21/0003_21_992.jpg, http://export-content.baz-on.ru/pub/c2226/productphoto/0003/21/0003_21_993.jpg, http://export-content.baz-on.ru/pub/c2226/productphoto/0003/21/0003_21_994.jpg";"х";"суппорт";"410018H300";"1700";"Контракт";"Контрактный, без пробега по РФ. Фото соответствуют товару.";"Nissan";"X-Trail";"1";"";"NT30";"QR20DE";"2005";"Перед.";"Прав.";"203";"0";"";"Nissan";"";"";"01-03-02-02-07";"1";"0";"0";"0";"0";"0"
